<?xml version="1.0" encoding="UTF-8"?>
<daemon>
  <id>asterixncservice</id>
  <mainClass>org.apache.hyracks.control.nc.service.NCService</mainClass>
  <classpath>
    <dependencies>
      <dependency>
        <groupId>org.apache.asterix</groupId>
        <artifactId>asterix-server</artifactId>
        <version>0.9.4.1</version>
        <relativePath>asterix-server-0.9.4.1.jar</relativePath>
      </dependency>
      <dependency>
        <groupId>org.apache.hyracks</groupId>
        <artifactId>hyracks-control-cc</artifactId>
        <version>0.3.4-SNAPSHOT</version>
        <relativePath>hyracks-control-cc-0.3.4-SNAPSHOT.jar</relativePath>
      </dependency>
      <dependency>
        <groupId>org.apache.hyracks</groupId>
        <artifactId>hyracks-http</artifactId>
        <version>0.3.4-SNAPSHOT</version>
        <relativePath>hyracks-http-0.3.4-SNAPSHOT.jar</relativePath>
      </dependency>
      <dependency>
        <groupId>org.apache.hyracks</groupId>
        <artifactId>hyracks-control-common</artifactId>
        <version>0.3.4-SNAPSHOT</version>
        <relativePath>hyracks-control-common-0.3.4-SNAPSHOT.jar</relativePath>
      </dependency>
      <dependency>
        <groupId>io.netty</groupId>
        <artifactId>netty-all</artifactId>
        <version>4.1.32.Final</version>
        <relativePath>netty-all-4.1.32.Final.jar</relativePath>
      </dependency>
      <dependency>
        <groupId>org.ini4j</groupId>
        <artifactId>ini4j</artifactId>
        <version>0.5.4</version>
        <relativePath>ini4j-0.5.4.jar</relativePath>
      </dependency>
      <dependency>
        <groupId>org.apache.hyracks</groupId>
        <artifactId>hyracks-ipc</artifactId>
        <version>0.3.4-SNAPSHOT</version>
        <relativePath>hyracks-ipc-0.3.4-SNAPSHOT.jar</relativePath>
      </dependency>
      <dependency>
        <groupId>args4j</groupId>
        <artifactId>args4j</artifactId>
        <version>2.33</version>
        <relativePath>args4j-2.33.jar</relativePath>
      </dependency>
      <dependency>
        <groupId>org.apache.hyracks</groupId>
        <artifactId>hyracks-api</artifactId>
        <version>0.3.4-SNAPSHOT</version>
        <relativePath>hyracks-api-0.3.4-SNAPSHOT.jar</relativePath>
      </dependency>
      <dependency>
        <groupId>org.apache.logging.log4j</groupId>
        <artifactId>log4j-core</artifactId>
        <version>2.11.1</version>
        <relativePath>log4j-core-2.11.1.jar</relativePath>
      </dependency>
      <dependency>
        <groupId>org.apache.hyracks</groupId>
        <artifactId>hyracks-control-nc</artifactId>
        <version>0.3.4-SNAPSHOT</version>
        <relativePath>hyracks-control-nc-0.3.4-SNAPSHOT.jar</relativePath>
      </dependency>
      <dependency>
        <groupId>org.apache.hyracks</groupId>
        <artifactId>hyracks-net</artifactId>
        <version>0.3.4-SNAPSHOT</version>
        <relativePath>hyracks-net-0.3.4-SNAPSHOT.jar</relativePath>
      </dependency>
      <dependency>
        <groupId>org.apache.hyracks</groupId>
        <artifactId>hyracks-comm</artifactId>
        <version>0.3.4-SNAPSHOT</version>
        <relativePath>hyracks-comm-0.3.4-SNAPSHOT.jar</relativePath>
      </dependency>
      <dependency>
        <groupId>com.fasterxml.jackson.core</groupId>
        <artifactId>jackson-core</artifactId>
        <version>2.9.7</version>
        <relativePath>jackson-core-2.9.7.jar</relativePath>
      </dependency>
      <dependency>
        <groupId>com.google.guava</groupId>
        <artifactId>guava</artifactId>
        <version>18.0</version>
        <relativePath>guava-18.0.jar</relativePath>
      </dependency>
      <dependency>
        <groupId>org.apache.hyracks</groupId>
        <artifactId>hyracks-nc-service</artifactId>
        <version>0.3.4-SNAPSHOT</version>
        <relativePath>hyracks-nc-service-0.3.4-SNAPSHOT.jar</relativePath>
      </dependency>
      <dependency>
        <groupId>org.apache.asterix</groupId>
        <artifactId>asterix-app</artifactId>
        <version>0.9.4.1</version>
        <relativePath>asterix-app-0.9.4.1.jar</relativePath>
      </dependency>
      <dependency>
        <groupId>org.apache.hyracks</groupId>
        <artifactId>algebricks-compiler</artifactId>
        <version>0.3.4-SNAPSHOT</version>
        <relativePath>algebricks-compiler-0.3.4-SNAPSHOT.jar</relativePath>
      </dependency>
      <dependency>
        <groupId>org.apache.hyracks</groupId>
        <artifactId>hyracks-client</artifactId>
        <version>0.3.4-SNAPSHOT</version>
        <relativePath>hyracks-client-0.3.4-SNAPSHOT.jar</relativePath>
      </dependency>
      <dependency>
        <groupId>org.apache.asterix</groupId>
        <artifactId>asterix-algebra</artifactId>
        <version>0.9.4.1</version>
        <relativePath>asterix-algebra-0.9.4.1.jar</relativePath>
      </dependency>
      <dependency>
        <groupId>org.apache.hyracks</groupId>
        <artifactId>algebricks-rewriter</artifactId>
        <version>0.3.4-SNAPSHOT</version>
        <relativePath>algebricks-rewriter-0.3.4-SNAPSHOT.jar</relativePath>
      </dependency>
      <dependency>
        <groupId>org.apache.asterix</groupId>
        <artifactId>asterix-om</artifactId>
        <version>0.9.4.1</version>
        <relativePath>asterix-om-0.9.4.1.jar</relativePath>
      </dependency>
      <dependency>
        <groupId>org.apache.asterix</groupId>
        <artifactId>asterix-metadata</artifactId>
        <version>0.9.4.1</version>
        <relativePath>asterix-metadata-0.9.4.1.jar</relativePath>
      </dependency>
      <dependency>
        <groupId>org.apache.asterix</groupId>
        <artifactId>asterix-transactions</artifactId>
        <version>0.9.4.1</version>
        <relativePath>asterix-transactions-0.9.4.1.jar</relativePath>
      </dependency>
      <dependency>
        <groupId>commons-codec</groupId>
        <artifactId>commons-codec</artifactId>
        <version>1.11</version>
        <relativePath>commons-codec-1.11.jar</relativePath>
      </dependency>
      <dependency>
        <groupId>it.unimi.dsi</groupId>
        <artifactId>fastutil</artifactId>
        <version>8.2.2</version>
        <relativePath>fastutil-8.2.2.jar</relativePath>
      </dependency>
      <dependency>
        <groupId>org.apache.asterix</groupId>
        <artifactId>asterix-replication</artifactId>
        <version>0.9.4.1</version>
        <relativePath>asterix-replication-0.9.4.1.jar</relativePath>
      </dependency>
      <dependency>
        <groupId>org.apache.hyracks</groupId>
        <artifactId>hyracks-dataflow-common</artifactId>
        <version>0.3.4-SNAPSHOT</version>
        <relativePath>hyracks-dataflow-common-0.3.4-SNAPSHOT.jar</relativePath>
      </dependency>
      <dependency>
        <groupId>org.apache.asterix</groupId>
        <artifactId>asterix-lang-aql</artifactId>
        <version>0.9.4.1</version>
        <relativePath>asterix-lang-aql-0.9.4.1.jar</relativePath>
      </dependency>
      <dependency>
        <groupId>org.apache.hyracks</groupId>
        <artifactId>hyracks-storage-am-lsm-btree</artifactId>
        <version>0.3.4-SNAPSHOT</version>
        <relativePath>hyracks-storage-am-lsm-btree-0.3.4-SNAPSHOT.jar</relativePath>
      </dependency>
      <dependency>
        <groupId>org.apache.hadoop</groupId>
        <artifactId>hadoop-hdfs-client</artifactId>
        <version>2.8.5</version>
        <relativePath>hadoop-hdfs-client-2.8.5.jar</relativePath>
      </dependency>
      <dependency>
        <groupId>com.squareup.okhttp</groupId>
        <artifactId>okhttp</artifactId>
        <version>2.4.0</version>
        <relativePath>okhttp-2.4.0.jar</relativePath>
      </dependency>
      <dependency>
        <groupId>com.squareup.okio</groupId>
        <artifactId>okio</artifactId>
        <version>1.4.0</version>
        <relativePath>okio-1.4.0.jar</relativePath>
      </dependency>
      <dependency>
        <groupId>org.apache.hyracks</groupId>
        <artifactId>algebricks-data</artifactId>
        <version>0.3.4-SNAPSHOT</version>
        <relativePath>algebricks-data-0.3.4-SNAPSHOT.jar</relativePath>
      </dependency>
      <dependency>
        <groupId>org.apache.hyracks</groupId>
        <artifactId>algebricks-core</artifactId>
        <version>0.3.4-SNAPSHOT</version>
        <relativePath>algebricks-core-0.3.4-SNAPSHOT.jar</relativePath>
      </dependency>
      <dependency>
        <groupId>javax.xml.bind</groupId>
        <artifactId>jaxb-api</artifactId>
        <version>2.3.0</version>
        <relativePath>jaxb-api-2.3.0.jar</relativePath>
      </dependency>
      <dependency>
        <groupId>org.apache.commons</groupId>
        <artifactId>commons-compress</artifactId>
        <version>1.18</version>
        <relativePath>commons-compress-1.18.jar</relativePath>
      </dependency>
      <dependency>
        <groupId>org.apache.hyracks</groupId>
        <artifactId>algebricks-runtime</artifactId>
        <version>0.3.4-SNAPSHOT</version>
        <relativePath>algebricks-runtime-0.3.4-SNAPSHOT.jar</relativePath>
      </dependency>
      <dependency>
        <groupId>org.apache.httpcomponents</groupId>
        <artifactId>httpcore</artifactId>
        <version>4.4.10</version>
        <relativePath>httpcore-4.4.10.jar</relativePath>
      </dependency>
      <dependency>
        <groupId>org.apache.httpcomponents</groupId>
        <artifactId>httpclient</artifactId>
        <version>4.5.6</version>
        <relativePath>httpclient-4.5.6.jar</relativePath>
      </dependency>
      <dependency>
        <groupId>commons-logging</groupId>
        <artifactId>commons-logging</artifactId>
        <version>1.2</version>
        <relativePath>commons-logging-1.2.jar</relativePath>
      </dependency>
      <dependency>
        <groupId>org.apache.asterix</groupId>
        <artifactId>asterix-lang-common</artifactId>
        <version>0.9.4.1</version>
        <relativePath>asterix-lang-common-0.9.4.1.jar</relativePath>
      </dependency>
      <dependency>
        <groupId>org.apache.hyracks</groupId>
        <artifactId>hyracks-storage-am-lsm-common</artifactId>
        <version>0.3.4-SNAPSHOT</version>
        <relativePath>hyracks-storage-am-lsm-common-0.3.4-SNAPSHOT.jar</relativePath>
      </dependency>
      <dependency>
        <groupId>org.apache.asterix</groupId>
        <artifactId>asterix-runtime</artifactId>
        <version>0.9.4.1</version>
        <relativePath>asterix-runtime-0.9.4.1.jar</relativePath>
      </dependency>
      <dependency>
        <groupId>org.apache.hyracks</groupId>
        <artifactId>hyracks-storage-common</artifactId>
        <version>0.3.4-SNAPSHOT</version>
        <relativePath>hyracks-storage-common-0.3.4-SNAPSHOT.jar</relativePath>
      </dependency>
      <dependency>
        <groupId>org.apache.hyracks</groupId>
        <artifactId>algebricks-common</artifactId>
        <version>0.3.4-SNAPSHOT</version>
        <relativePath>algebricks-common-0.3.4-SNAPSHOT.jar</relativePath>
      </dependency>
      <dependency>
        <groupId>org.apache.asterix</groupId>
        <artifactId>asterix-lang-sqlpp</artifactId>
        <version>0.9.4.1</version>
        <relativePath>asterix-lang-sqlpp-0.9.4.1.jar</relativePath>
      </dependency>
      <dependency>
        <groupId>org.apache.hyracks</groupId>
        <artifactId>hyracks-data-std</artifactId>
        <version>0.3.4-SNAPSHOT</version>
        <relativePath>hyracks-data-std-0.3.4-SNAPSHOT.jar</relativePath>
      </dependency>
      <dependency>
        <groupId>org.apache.hyracks</groupId>
        <artifactId>hyracks-dataflow-std</artifactId>
        <version>0.3.4-SNAPSHOT</version>
        <relativePath>hyracks-dataflow-std-0.3.4-SNAPSHOT.jar</relativePath>
      </dependency>
      <dependency>
        <groupId>org.apache.hyracks</groupId>
        <artifactId>hyracks-storage-am-btree</artifactId>
        <version>0.3.4-SNAPSHOT</version>
        <relativePath>hyracks-storage-am-btree-0.3.4-SNAPSHOT.jar</relativePath>
      </dependency>
      <dependency>
        <groupId>org.apache.hyracks</groupId>
        <artifactId>hyracks-storage-am-common</artifactId>
        <version>0.3.4-SNAPSHOT</version>
        <relativePath>hyracks-storage-am-common-0.3.4-SNAPSHOT.jar</relativePath>
      </dependency>
      <dependency>
        <groupId>org.apache.asterix</groupId>
        <artifactId>asterix-active</artifactId>
        <version>0.9.4.1</version>
        <relativePath>asterix-active-0.9.4.1.jar</relativePath>
      </dependency>
      <dependency>
        <groupId>org.apache.logging.log4j</groupId>
        <artifactId>log4j-jul</artifactId>
        <version>2.11.1</version>
        <relativePath>log4j-jul-2.11.1.jar</relativePath>
      </dependency>
      <dependency>
        <groupId>org.apache.hyracks</groupId>
        <artifactId>hyracks-storage-am-rtree</artifactId>
        <version>0.3.4-SNAPSHOT</version>
        <relativePath>hyracks-storage-am-rtree-0.3.4-SNAPSHOT.jar</relativePath>
      </dependency>
      <dependency>
        <groupId>org.apache.hyracks</groupId>
        <artifactId>hyracks-storage-am-lsm-rtree</artifactId>
        <version>0.3.4-SNAPSHOT</version>
        <relativePath>hyracks-storage-am-lsm-rtree-0.3.4-SNAPSHOT.jar</relativePath>
      </dependency>
      <dependency>
        <groupId>org.apache.hyracks</groupId>
        <artifactId>hyracks-storage-am-lsm-invertedindex</artifactId>
        <version>0.3.4-SNAPSHOT</version>
        <relativePath>hyracks-storage-am-lsm-invertedindex-0.3.4-SNAPSHOT.jar</relativePath>
      </dependency>
      <dependency>
        <groupId>org.apache.asterix</groupId>
        <artifactId>asterix-common</artifactId>
        <version>0.9.4.1</version>
        <relativePath>asterix-common-0.9.4.1.jar</relativePath>
      </dependency>
      <dependency>
        <groupId>org.apache.hyracks</groupId>
        <artifactId>hyracks-storage-am-bloomfilter</artifactId>
        <version>0.3.4-SNAPSHOT</version>
        <relativePath>hyracks-storage-am-bloomfilter-0.3.4-SNAPSHOT.jar</relativePath>
      </dependency>
      <dependency>
        <groupId>com.fasterxml.jackson.core</groupId>
        <artifactId>jackson-annotations</artifactId>
        <version>2.9.7</version>
        <relativePath>jackson-annotations-2.9.7.jar</relativePath>
      </dependency>
      <dependency>
        <groupId>com.sun.xml.bind</groupId>
        <artifactId>jaxb-core</artifactId>
        <version>2.3.0.1</version>
        <relativePath>jaxb-core-2.3.0.1.jar</relativePath>
      </dependency>
      <dependency>
        <groupId>com.sun.xml.bind</groupId>
        <artifactId>jaxb-impl</artifactId>
        <version>2.3.0</version>
        <relativePath>jaxb-impl-2.3.0.jar</relativePath>
      </dependency>
      <dependency>
        <groupId>com.sun.activation</groupId>
        <artifactId>javax.activation</artifactId>
        <version>1.2.0</version>
        <relativePath>javax.activation-1.2.0.jar</relativePath>
      </dependency>
      <dependency>
        <groupId>org.codehaus.mojo.appassembler</groupId>
        <artifactId>appassembler-booter</artifactId>
        <version>2.0.0</version>
        <relativePath>appassembler-booter-2.0.0.jar</relativePath>
      </dependency>
      <dependency>
        <groupId>org.codehaus.mojo.appassembler</groupId>
        <artifactId>appassembler-model</artifactId>
        <version>2.0.0</version>
        <relativePath>appassembler-model-2.0.0.jar</relativePath>
      </dependency>
      <dependency>
        <groupId>net.java.dev.stax-utils</groupId>
        <artifactId>stax-utils</artifactId>
        <version>20060502</version>
        <relativePath>stax-utils-20060502.jar</relativePath>
      </dependency>
      <dependency>
        <groupId>stax</groupId>
        <artifactId>stax</artifactId>
        <version>1.1.1-dev</version>
        <relativePath>stax-1.1.1-dev.jar</relativePath>
      </dependency>
      <dependency>
        <groupId>stax</groupId>
        <artifactId>stax-api</artifactId>
        <version>1.0.1</version>
        <relativePath>stax-api-1.0.1.jar</relativePath>
      </dependency>
      <dependency>
        <groupId>org.apache.hyracks</groupId>
        <artifactId>hyracks-hdfs</artifactId>
        <version>0.3.4-SNAPSHOT</version>
        <relativePath>hyracks-hdfs-0.3.4-SNAPSHOT.jar</relativePath>
      </dependency>
      <dependency>
        <groupId>org.apache.asterix</groupId>
        <artifactId>asterix-hivecompat</artifactId>
        <version>0.9.4.1</version>
        <relativePath>asterix-hivecompat-0.9.4.1.jar</relativePath>
      </dependency>
      <dependency>
        <groupId>commons-logging</groupId>
        <artifactId>commons-logging-api</artifactId>
        <version>1.1</version>
        <relativePath>commons-logging-api-1.1.jar</relativePath>
      </dependency>
      <dependency>
        <groupId>org.apache.hive.shims</groupId>
        <artifactId>hive-shims-common</artifactId>
        <version>0.13.0</version>
        <relativePath>hive-shims-common-0.13.0.jar</relativePath>
      </dependency>
      <dependency>
        <groupId>org.apache.hive</groupId>
        <artifactId>hive-common</artifactId>
        <version>0.13.0</version>
        <relativePath>hive-common-0.13.0.jar</relativePath>
      </dependency>
      <dependency>
        <groupId>com.rometools</groupId>
        <artifactId>rome-fetcher</artifactId>
        <version>1.7.4</version>
        <relativePath>rome-fetcher-1.7.4.jar</relativePath>
      </dependency>
      <dependency>
        <groupId>commons-httpclient</groupId>
        <artifactId>commons-httpclient</artifactId>
        <version>3.1</version>
        <relativePath>commons-httpclient-3.1.jar</relativePath>
      </dependency>
      <dependency>
        <groupId>com.rometools</groupId>
        <artifactId>rome</artifactId>
        <version>1.7.4</version>
        <relativePath>rome-1.7.4.jar</relativePath>
      </dependency>
      <dependency>
        <groupId>com.rometools</groupId>
        <artifactId>rome-utils</artifactId>
        <version>1.7.4</version>
        <relativePath>rome-utils-1.7.4.jar</relativePath>
      </dependency>
      <dependency>
        <groupId>org.jdom</groupId>
        <artifactId>jdom2</artifactId>
        <version>2.0.6</version>
        <relativePath>jdom2-2.0.6.jar</relativePath>
      </dependency>
      <dependency>
        <groupId>org.slf4j</groupId>
        <artifactId>slf4j-api</artifactId>
        <version>1.7.16</version>
        <relativePath>slf4j-api-1.7.16.jar</relativePath>
      </dependency>
      <dependency>
        <groupId>org.apache.hive</groupId>
        <artifactId>hive-serde</artifactId>
        <version>0.13.0</version>
        <relativePath>hive-serde-0.13.0.jar</relativePath>
      </dependency>
      <dependency>
        <groupId>org.apache.hive</groupId>
        <artifactId>hive-shims</artifactId>
        <version>0.13.0</version>
        <relativePath>hive-shims-0.13.0.jar</relativePath>
      </dependency>
      <dependency>
        <groupId>org.apache.hive.shims</groupId>
        <artifactId>hive-shims-0.20</artifactId>
        <version>0.13.0</version>
        <relativePath>hive-shims-0.20-0.13.0.jar</relativePath>
      </dependency>
      <dependency>
        <groupId>org.apache.hive.shims</groupId>
        <artifactId>hive-shims-common-secure</artifactId>
        <version>0.13.0</version>
        <relativePath>hive-shims-common-secure-0.13.0.jar</relativePath>
      </dependency>
      <dependency>
        <groupId>org.apache.hive.shims</groupId>
        <artifactId>hive-shims-0.20S</artifactId>
        <version>0.13.0</version>
        <relativePath>hive-shims-0.20S-0.13.0.jar</relativePath>
      </dependency>
      <dependency>
        <groupId>org.apache.hive.shims</groupId>
        <artifactId>hive-shims-0.23</artifactId>
        <version>0.13.0</version>
        <relativePath>hive-shims-0.23-0.13.0.jar</relativePath>
      </dependency>
      <dependency>
        <groupId>commons-lang</groupId>
        <artifactId>commons-lang</artifactId>
        <version>2.4</version>
        <relativePath>commons-lang-2.4.jar</relativePath>
      </dependency>
      <dependency>
        <groupId>org.apache.avro</groupId>
        <artifactId>avro</artifactId>
        <version>1.7.5</version>
        <relativePath>avro-1.7.5.jar</relativePath>
      </dependency>
      <dependency>
        <groupId>com.thoughtworks.paranamer</groupId>
        <artifactId>paranamer</artifactId>
        <version>2.3</version>
        <relativePath>paranamer-2.3.jar</relativePath>
      </dependency>
      <dependency>
        <groupId>org.xerial.snappy</groupId>
        <artifactId>snappy-java</artifactId>
        <version>1.0.5</version>
        <relativePath>snappy-java-1.0.5.jar</relativePath>
      </dependency>
      <dependency>
        <groupId>org.apache.thrift</groupId>
        <artifactId>libthrift</artifactId>
        <version>0.9.0</version>
        <relativePath>libthrift-0.9.0.jar</relativePath>
      </dependency>
      <dependency>
        <groupId>org.slf4j</groupId>
        <artifactId>slf4j-log4j12</artifactId>
        <version>1.7.5</version>
        <relativePath>slf4j-log4j12-1.7.5.jar</relativePath>
      </dependency>
      <dependency>
        <groupId>com.couchbase.client</groupId>
        <artifactId>core-io</artifactId>
        <version>1.3.2</version>
        <relativePath>core-io-1.3.2.jar</relativePath>
      </dependency>
      <dependency>
        <groupId>io.reactivex</groupId>
        <artifactId>rxjava</artifactId>
        <version>1.1.8</version>
        <relativePath>rxjava-1.1.8.jar</relativePath>
      </dependency>
      <dependency>
        <groupId>org.apache.hadoop</groupId>
        <artifactId>hadoop-common</artifactId>
        <version>2.8.5</version>
        <relativePath>hadoop-common-2.8.5.jar</relativePath>
      </dependency>
      <dependency>
        <groupId>org.apache.hadoop</groupId>
        <artifactId>hadoop-annotations</artifactId>
        <version>2.8.5</version>
        <relativePath>hadoop-annotations-2.8.5.jar</relativePath>
      </dependency>
      <dependency>
        <groupId>commons-cli</groupId>
        <artifactId>commons-cli</artifactId>
        <version>1.2</version>
        <relativePath>commons-cli-1.2.jar</relativePath>
      </dependency>
      <dependency>
        <groupId>org.apache.commons</groupId>
        <artifactId>commons-math3</artifactId>
        <version>3.1.1</version>
        <relativePath>commons-math3-3.1.1.jar</relativePath>
      </dependency>
      <dependency>
        <groupId>xmlenc</groupId>
        <artifactId>xmlenc</artifactId>
        <version>0.52</version>
        <relativePath>xmlenc-0.52.jar</relativePath>
      </dependency>
      <dependency>
        <groupId>commons-net</groupId>
        <artifactId>commons-net</artifactId>
        <version>3.1</version>
        <relativePath>commons-net-3.1.jar</relativePath>
      </dependency>
      <dependency>
        <groupId>commons-collections</groupId>
        <artifactId>commons-collections</artifactId>
        <version>3.2.2</version>
        <relativePath>commons-collections-3.2.2.jar</relativePath>
      </dependency>
      <dependency>
        <groupId>javax.servlet</groupId>
        <artifactId>servlet-api</artifactId>
        <version>2.5</version>
        <relativePath>servlet-api-2.5.jar</relativePath>
      </dependency>
      <dependency>
        <groupId>org.mortbay.jetty</groupId>
        <artifactId>jetty</artifactId>
        <version>6.1.26</version>
        <relativePath>jetty-6.1.26.jar</relativePath>
      </dependency>
      <dependency>
        <groupId>org.mortbay.jetty</groupId>
        <artifactId>jetty-util</artifactId>
        <version>6.1.26</version>
        <relativePath>jetty-util-6.1.26.jar</relativePath>
      </dependency>
      <dependency>
        <groupId>org.mortbay.jetty</groupId>
        <artifactId>jetty-sslengine</artifactId>
        <version>6.1.26</version>
        <relativePath>jetty-sslengine-6.1.26.jar</relativePath>
      </dependency>
      <dependency>
        <groupId>javax.servlet.jsp</groupId>
        <artifactId>jsp-api</artifactId>
        <version>2.1</version>
        <relativePath>jsp-api-2.1.jar</relativePath>
      </dependency>
      <dependency>
        <groupId>com.sun.jersey</groupId>
        <artifactId>jersey-core</artifactId>
        <version>1.9</version>
        <relativePath>jersey-core-1.9.jar</relativePath>
      </dependency>
      <dependency>
        <groupId>com.sun.jersey</groupId>
        <artifactId>jersey-json</artifactId>
        <version>1.9</version>
        <relativePath>jersey-json-1.9.jar</relativePath>
      </dependency>
      <dependency>
        <groupId>org.codehaus.jettison</groupId>
        <artifactId>jettison</artifactId>
        <version>1.1</version>
        <relativePath>jettison-1.1.jar</relativePath>
      </dependency>
      <dependency>
        <groupId>org.codehaus.jackson</groupId>
        <artifactId>jackson-jaxrs</artifactId>
        <version>1.8.3</version>
        <relativePath>jackson-jaxrs-1.8.3.jar</relativePath>
      </dependency>
      <dependency>
        <groupId>org.codehaus.jackson</groupId>
        <artifactId>jackson-xc</artifactId>
        <version>1.8.3</version>
        <relativePath>jackson-xc-1.8.3.jar</relativePath>
      </dependency>
      <dependency>
        <groupId>com.sun.jersey</groupId>
        <artifactId>jersey-server</artifactId>
        <version>1.9</version>
        <relativePath>jersey-server-1.9.jar</relativePath>
      </dependency>
      <dependency>
        <groupId>asm</groupId>
        <artifactId>asm</artifactId>
        <version>3.1</version>
        <relativePath>asm-3.1.jar</relativePath>
      </dependency>
      <dependency>
        <groupId>log4j</groupId>
        <artifactId>log4j</artifactId>
        <version>1.2.17</version>
        <relativePath>log4j-1.2.17.jar</relativePath>
      </dependency>
      <dependency>
        <groupId>net.java.dev.jets3t</groupId>
        <artifactId>jets3t</artifactId>
        <version>0.9.0</version>
        <relativePath>jets3t-0.9.0.jar</relativePath>
      </dependency>
      <dependency>
        <groupId>com.jamesmurty.utils</groupId>
        <artifactId>java-xmlbuilder</artifactId>
        <version>0.4</version>
        <relativePath>java-xmlbuilder-0.4.jar</relativePath>
      </dependency>
      <dependency>
        <groupId>commons-configuration</groupId>
        <artifactId>commons-configuration</artifactId>
        <version>1.6</version>
        <relativePath>commons-configuration-1.6.jar</relativePath>
      </dependency>
      <dependency>
        <groupId>commons-digester</groupId>
        <artifactId>commons-digester</artifactId>
        <version>1.8</version>
        <relativePath>commons-digester-1.8.jar</relativePath>
      </dependency>
      <dependency>
        <groupId>commons-beanutils</groupId>
        <artifactId>commons-beanutils</artifactId>
        <version>1.7.0</version>
        <relativePath>commons-beanutils-1.7.0.jar</relativePath>
      </dependency>
      <dependency>
        <groupId>commons-beanutils</groupId>
        <artifactId>commons-beanutils-core</artifactId>
        <version>1.8.0</version>
        <relativePath>commons-beanutils-core-1.8.0.jar</relativePath>
      </dependency>
      <dependency>
        <groupId>org.codehaus.jackson</groupId>
        <artifactId>jackson-core-asl</artifactId>
        <version>1.9.13</version>
        <relativePath>jackson-core-asl-1.9.13.jar</relativePath>
      </dependency>
      <dependency>
        <groupId>org.codehaus.jackson</groupId>
        <artifactId>jackson-mapper-asl</artifactId>
        <version>1.9.13</version>
        <relativePath>jackson-mapper-asl-1.9.13.jar</relativePath>
      </dependency>
      <dependency>
        <groupId>com.google.protobuf</groupId>
        <artifactId>protobuf-java</artifactId>
        <version>2.5.0</version>
        <relativePath>protobuf-java-2.5.0.jar</relativePath>
      </dependency>
      <dependency>
        <groupId>com.google.code.gson</groupId>
        <artifactId>gson</artifactId>
        <version>2.2.4</version>
        <relativePath>gson-2.2.4.jar</relativePath>
      </dependency>
      <dependency>
        <groupId>org.apache.hadoop</groupId>
        <artifactId>hadoop-auth</artifactId>
        <version>2.8.5</version>
        <relativePath>hadoop-auth-2.8.5.jar</relativePath>
      </dependency>
      <dependency>
        <groupId>com.nimbusds</groupId>
        <artifactId>nimbus-jose-jwt</artifactId>
        <version>4.41.1</version>
        <relativePath>nimbus-jose-jwt-4.41.1.jar</relativePath>
      </dependency>
      <dependency>
        <groupId>com.github.stephenc.jcip</groupId>
        <artifactId>jcip-annotations</artifactId>
        <version>1.0-1</version>
        <relativePath>jcip-annotations-1.0-1.jar</relativePath>
      </dependency>
      <dependency>
        <groupId>net.minidev</groupId>
        <artifactId>json-smart</artifactId>
        <version>2.3</version>
        <relativePath>json-smart-2.3.jar</relativePath>
      </dependency>
      <dependency>
        <groupId>net.minidev</groupId>
        <artifactId>accessors-smart</artifactId>
        <version>1.2</version>
        <relativePath>accessors-smart-1.2.jar</relativePath>
      </dependency>
      <dependency>
        <groupId>org.ow2.asm</groupId>
        <artifactId>asm</artifactId>
        <version>5.0.4</version>
        <relativePath>asm-5.0.4.jar</relativePath>
      </dependency>
      <dependency>
        <groupId>org.apache.directory.server</groupId>
        <artifactId>apacheds-kerberos-codec</artifactId>
        <version>2.0.0-M15</version>
        <relativePath>apacheds-kerberos-codec-2.0.0-M15.jar</relativePath>
      </dependency>
      <dependency>
        <groupId>org.apache.directory.server</groupId>
        <artifactId>apacheds-i18n</artifactId>
        <version>2.0.0-M15</version>
        <relativePath>apacheds-i18n-2.0.0-M15.jar</relativePath>
      </dependency>
      <dependency>
        <groupId>org.apache.directory.api</groupId>
        <artifactId>api-asn1-api</artifactId>
        <version>1.0.0-M20</version>
        <relativePath>api-asn1-api-1.0.0-M20.jar</relativePath>
      </dependency>
      <dependency>
        <groupId>org.apache.directory.api</groupId>
        <artifactId>api-util</artifactId>
        <version>1.0.0-M20</version>
        <relativePath>api-util-1.0.0-M20.jar</relativePath>
      </dependency>
      <dependency>
        <groupId>org.apache.curator</groupId>
        <artifactId>curator-framework</artifactId>
        <version>2.7.1</version>
        <relativePath>curator-framework-2.7.1.jar</relativePath>
      </dependency>
      <dependency>
        <groupId>com.jcraft</groupId>
        <artifactId>jsch</artifactId>
        <version>0.1.54</version>
        <relativePath>jsch-0.1.54.jar</relativePath>
      </dependency>
      <dependency>
        <groupId>org.apache.curator</groupId>
        <artifactId>curator-client</artifactId>
        <version>2.7.1</version>
        <relativePath>curator-client-2.7.1.jar</relativePath>
      </dependency>
      <dependency>
        <groupId>org.apache.curator</groupId>
        <artifactId>curator-recipes</artifactId>
        <version>2.7.1</version>
        <relativePath>curator-recipes-2.7.1.jar</relativePath>
      </dependency>
      <dependency>
        <groupId>com.google.code.findbugs</groupId>
        <artifactId>jsr305</artifactId>
        <version>3.0.0</version>
        <relativePath>jsr305-3.0.0.jar</relativePath>
      </dependency>
      <dependency>
        <groupId>org.apache.htrace</groupId>
        <artifactId>htrace-core4</artifactId>
        <version>4.0.1-incubating</version>
        <relativePath>htrace-core4-4.0.1-incubating.jar</relativePath>
      </dependency>
      <dependency>
        <groupId>org.apache.zookeeper</groupId>
        <artifactId>zookeeper</artifactId>
        <version>3.4.13</version>
        <relativePath>zookeeper-3.4.13.jar</relativePath>
      </dependency>
      <dependency>
        <groupId>org.apache.yetus</groupId>
        <artifactId>audience-annotations</artifactId>
        <version>0.5.0</version>
        <relativePath>audience-annotations-0.5.0.jar</relativePath>
      </dependency>
      <dependency>
        <groupId>org.apache.hadoop</groupId>
        <artifactId>hadoop-mapreduce-client-core</artifactId>
        <version>2.8.5</version>
        <relativePath>hadoop-mapreduce-client-core-2.8.5.jar</relativePath>
      </dependency>
      <dependency>
        <groupId>org.apache.hadoop</groupId>
        <artifactId>hadoop-yarn-common</artifactId>
        <version>2.8.5</version>
        <relativePath>hadoop-yarn-common-2.8.5.jar</relativePath>
      </dependency>
      <dependency>
        <groupId>com.sun.jersey</groupId>
        <artifactId>jersey-client</artifactId>
        <version>1.9</version>
        <relativePath>jersey-client-1.9.jar</relativePath>
      </dependency>
      <dependency>
        <groupId>com.google.inject</groupId>
        <artifactId>guice</artifactId>
        <version>3.0</version>
        <relativePath>guice-3.0.jar</relativePath>
      </dependency>
      <dependency>
        <groupId>javax.inject</groupId>
        <artifactId>javax.inject</artifactId>
        <version>1</version>
        <relativePath>javax.inject-1.jar</relativePath>
      </dependency>
      <dependency>
        <groupId>aopalliance</groupId>
        <artifactId>aopalliance</artifactId>
        <version>1.0</version>
        <relativePath>aopalliance-1.0.jar</relativePath>
      </dependency>
      <dependency>
        <groupId>com.sun.jersey.contribs</groupId>
        <artifactId>jersey-guice</artifactId>
        <version>1.9</version>
        <relativePath>jersey-guice-1.9.jar</relativePath>
      </dependency>
      <dependency>
        <groupId>com.google.inject.extensions</groupId>
        <artifactId>guice-servlet</artifactId>
        <version>3.0</version>
        <relativePath>guice-servlet-3.0.jar</relativePath>
      </dependency>
      <dependency>
        <groupId>io.netty</groupId>
        <artifactId>netty</artifactId>
        <version>3.6.2.Final</version>
        <relativePath>netty-3.6.2.Final.jar</relativePath>
      </dependency>
      <dependency>
        <groupId>org.apache.commons</groupId>
        <artifactId>commons-collections4</artifactId>
        <version>4.2</version>
        <relativePath>commons-collections4-4.2.jar</relativePath>
      </dependency>
      <dependency>
        <groupId>com.esri.geometry</groupId>
        <artifactId>esri-geometry-api</artifactId>
        <version>2.0.0</version>
        <relativePath>esri-geometry-api-2.0.0.jar</relativePath>
      </dependency>
      <dependency>
        <groupId>org.apache.asterix</groupId>
        <artifactId>asterix-external-data</artifactId>
        <version>0.9.4.1</version>
        <relativePath>asterix-external-data-0.9.4.1.jar</relativePath>
      </dependency>
      <dependency>
        <groupId>org.codehaus.plexus</groupId>
        <artifactId>plexus-utils</artifactId>
        <version>3.1.0</version>
        <relativePath>plexus-utils-3.1.0.jar</relativePath>
      </dependency>
      <dependency>
        <groupId>commons-io</groupId>
        <artifactId>commons-io</artifactId>
        <version>2.6</version>
        <relativePath>commons-io-2.6.jar</relativePath>
      </dependency>
      <dependency>
        <groupId>org.apache.commons</groupId>
        <artifactId>commons-lang3</artifactId>
        <version>3.8.1</version>
        <relativePath>commons-lang3-3.8.1.jar</relativePath>
      </dependency>
      <dependency>
        <groupId>org.apache.hadoop</groupId>
        <artifactId>hadoop-yarn-api</artifactId>
        <version>2.8.5</version>
        <relativePath>hadoop-yarn-api-2.8.5.jar</relativePath>
      </dependency>
      <dependency>
        <groupId>org.apache.hyracks</groupId>
        <artifactId>hyracks-util</artifactId>
        <version>0.3.4-SNAPSHOT</version>
        <relativePath>hyracks-util-0.3.4-SNAPSHOT.jar</relativePath>
      </dependency>
      <dependency>
        <groupId>org.apache.commons</groupId>
        <artifactId>commons-text</artifactId>
        <version>1.6</version>
        <relativePath>commons-text-1.6.jar</relativePath>
      </dependency>
      <dependency>
        <groupId>org.apache.logging.log4j</groupId>
        <artifactId>log4j-api</artifactId>
        <version>2.11.1</version>
        <relativePath>log4j-api-2.11.1.jar</relativePath>
      </dependency>
      <dependency>
        <groupId>org.apache.asterix</groupId>
        <artifactId>asterix-fuzzyjoin</artifactId>
        <version>0.9.4.1</version>
        <relativePath>asterix-fuzzyjoin-0.9.4.1.jar</relativePath>
      </dependency>
      <dependency>
        <groupId>org.apache.asterix</groupId>
        <artifactId>asterix-dashboard</artifactId>
        <version>0.9.4.1</version>
        <relativePath>asterix-dashboard-0.9.4.1.jar</relativePath>
      </dependency>
      <dependency>
        <groupId>org.apache.asterix</groupId>
        <artifactId>asterix-geo</artifactId>
        <version>0.9.4.1</version>
        <relativePath>asterix-geo-0.9.4.1.jar</relativePath>
      </dependency>
      <dependency>
        <groupId>com.fasterxml.jackson.core</groupId>
        <artifactId>jackson-databind</artifactId>
        <version>2.9.7</version>
        <relativePath>jackson-databind-2.9.7.jar</relativePath>
      </dependency>
    </dependencies>
  </classpath>
  <configurationDirectory>etc</configurationDirectory>
  <repositoryName>lib</repositoryName>
</daemon>
