{
	"requestID": "b4e91220-5939-40d4-8dc3-fe5c99162f69",
	"signature": "*",
	"results": [ {
		"first_country" : "Spain",
		"second_country" : "France"
	}, {
		"first_country" : "France",
		"second_country" : "Italy"
	}, {
		"first_country" : "Canada",
		"second_country" : "United States"
	}, {
		"first_country" : "Norway",
		"second_country" : "Sweden"
	}, {
		"first_country" : "Georgia",
		"second_country" : "Russia"
	}, {
		"first_country" : "Argentina",
		"second_country" : "Chile"
	}, {
		"first_country" : "North Korea",
		"second_country" : "China"
	} ]
	,
	"plans":{},
	"status": "success",
	"metrics": {
		"elapsedTime": "606.23025ms",
		"executionTime": "593.912112ms",
		"resultCount": 7,
		"resultSize": 460,
		"processedObjects": 512
	}
}
