{
	"requestID": "edfdef0b-e29d-4a74-a6c9-221d6cdf65a4",
	"signature": "*",
	"results": [ {
		"$1" : 1,
		"country" : "Afghanistan",
		"population" : "22664136"
	}, {
		"$1" : 3,
		"country" : "Albania",
		"population" : "3249136"
	}, {
		"$1" : 3,
		"country" : "Algeria",
		"population" : "29183032"
	}, {
		"$1" : 3,
		"country" : "American Samoa",
		"population" : "65628"
	}, {
		"$1" : 1,
		"country" : "Andorra",
		"population" : "72766"
	}, {
		"$1" : 2,
		"country" : "Angola",
		"population" : "10342899"
	}, {
		"$1" : 4,
		"country" : "Anguilla",
		"population" : "14436"
	}, {
		"$1" : 0,
		"country" : "Antigua and Barbuda",
		"population" : "65647"
	}, {
		"$1" : 3,
		"country" : "Argentina",
		"population" : "34672997"
	}, {
		"$1" : 1,
		"country" : "Armenia",
		"population" : "3463574"
	}, {
		"$1" : 2,
		"country" : "Aruba",
		"population" : "103065"
	}, {
		"$1" : 3,
		"country" : "Australia",
		"population" : "18260863"
	}, {
		"$1" : 2,
		"country" : "Austria",
		"population" : "8023244"
	}, {
		"$1" : 2,
		"country" : "Azerbaijan",
		"population" : "7676953"
	}, {
		"$1" : 6,
		"country" : "Bahamas",
		"population" : "259367"
	}, {
		"$1" : 1,
		"country" : "Bahrain",
		"population" : "590042"
	}, {
		"$1" : 2,
		"country" : "Bangladesh",
		"population" : "123062800"
	}, {
		"$1" : 2,
		"country" : "Barbados",
		"population" : "257030"
	}, {
		"$1" : 1,
		"country" : "Belarus",
		"population" : "10415973"
	}, {
		"$1" : 2,
		"country" : "Belgium",
		"population" : "10170241"
	}, {
		"$1" : 2,
		"country" : "Belize",
		"population" : "219296"
	}, {
		"$1" : 2,
		"country" : "Benin",
		"population" : "5709529"
	}, {
		"$1" : 5,
		"country" : "Bermuda",
		"population" : "67837"
	}, {
		"$1" : 2,
		"country" : "Bhutan",
		"population" : "1822625"
	}, {
		"$1" : 1,
		"country" : "Bolivia",
		"population" : "7165257"
	}, {
		"$1" : 4,
		"country" : "Bosnia and Herzegovina",
		"population" : "2656240"
	}, {
		"$1" : 1,
		"country" : "Botswana",
		"population" : "1477630"
	}, {
		"$1" : 1,
		"country" : "Brazil",
		"population" : "162661214"
	}, {
		"$1" : 2,
		"country" : "British Virgin Islands",
		"population" : "24491"
	}, {
		"$1" : 3,
		"country" : "Brunei",
		"population" : "299939"
	}, {
		"$1" : 4,
		"country" : "Bulgaria",
		"population" : "8612757"
	}, {
		"$1" : 2,
		"country" : "Burkina Faso",
		"population" : "10623323"
	}, {
		"$1" : 2,
		"country" : "Burundi",
		"population" : "5943057"
	}, {
		"$1" : 1,
		"country" : "Cambodia",
		"population" : "10861218"
	}, {
		"$1" : 2,
		"country" : "Cameroon",
		"population" : "14261557"
	}, {
		"$1" : 3,
		"country" : "Canada",
		"population" : "28820671"
	}, {
		"$1" : 1,
		"country" : "Cape Verde",
		"population" : "449066"
	}, {
		"$1" : 4,
		"country" : "Cayman Islands",
		"population" : "49035"
	}, {
		"$1" : 3,
		"country" : "Central African Republic",
		"population" : "3274426"
	}, {
		"$1" : 2,
		"country" : "Chad",
		"population" : "6976845"
	}, {
		"$1" : 2,
		"country" : "Chile",
		"population" : "14333258"
	}, {
		"$1" : 2,
		"country" : "China",
		"population" : "1210004956"
	}, {
		"$1" : 3,
		"country" : "Christmas Island",
		"population" : "1402"
	}, {
		"$1" : 2,
		"country" : "Cocos Islands",
		"population" : "596"
	}, {
		"$1" : 1,
		"country" : "Colombia",
		"population" : "36813161"
	}, {
		"$1" : 2,
		"country" : "Comoros",
		"population" : "569237"
	}, {
		"$1" : 2,
		"country" : "Congo",
		"population" : "2527841"
	}, {
		"$1" : 1,
		"country" : "Cook Islands",
		"population" : "11870"
	}, {
		"$1" : 1,
		"country" : "Costa Rica",
		"population" : "3463083"
	}, {
		"$1" : 2,
		"country" : "Cote dIvoire",
		"population" : "14762445"
	}, {
		"$1" : 4,
		"country" : "Croatia",
		"population" : "5004112"
	}, {
		"$1" : 1,
		"country" : "Cuba",
		"population" : "10951334"
	}, {
		"$1" : 2,
		"country" : "Cyprus",
		"population" : "744609"
	}, {
		"$1" : 3,
		"country" : "Czech Republic",
		"population" : "10321120"
	}, {
		"$1" : 2,
		"country" : "Denmark",
		"population" : "5249632"
	}, {
		"$1" : 2,
		"country" : "Djibouti",
		"population" : "427642"
	}, {
		"$1" : 2,
		"country" : "Dominica",
		"population" : "82926"
	}, {
		"$1" : 1,
		"country" : "Dominican Republic",
		"population" : "8088881"
	}, {
		"$1" : 1,
		"country" : "Ecuador",
		"population" : "11466291"
	}, {
		"$1" : 2,
		"country" : "Egypt",
		"population" : "63575107"
	}, {
		"$1" : 1,
		"country" : "El Salvador",
		"population" : "5828987"
	}, {
		"$1" : 1,
		"country" : "Equatorial Guinea",
		"population" : "431282"
	}, {
		"$1" : 0,
		"country" : "Eritrea",
		"population" : "3427883"
	}, {
		"$1" : 0,
		"country" : "Estonia",
		"population" : "1459428"
	}, {
		"$1" : 2,
		"country" : "Ethiopia",
		"population" : "57171662"
	}, {
		"$1" : 0,
		"country" : "Falkland Islands",
		"population" : "3140"
	}, {
		"$1" : 1,
		"country" : "Faroe Islands",
		"population" : "43857"
	}, {
		"$1" : 3,
		"country" : "Fiji",
		"population" : "782381"
	}, {
		"$1" : 2,
		"country" : "Finland",
		"population" : "5105230"
	}, {
		"$1" : 4,
		"country" : "France",
		"population" : "58317450"
	}, {
		"$1" : 1,
		"country" : "French Guiana",
		"population" : "151187"
	}, {
		"$1" : 2,
		"country" : "French Polynesia",
		"population" : "287032"
	}, {
		"$1" : 2,
		"country" : "Gabon",
		"population" : "1172798"
	}, {
		"$1" : 2,
		"country" : "Gambia",
		"population" : "1204984"
	}, {
		"$1" : 3,
		"country" : "Gaza Strip",
		"population" : "813332"
	}, {
		"$1" : 3,
		"country" : "Georgia",
		"population" : "5219810"
	}, {
		"$1" : 2,
		"country" : "Germany",
		"population" : "83536115"
	}, {
		"$1" : 2,
		"country" : "Ghana",
		"population" : "17698271"
	}, {
		"$1" : 4,
		"country" : "Gibraltar",
		"population" : "28765"
	}, {
		"$1" : 2,
		"country" : "Greece",
		"population" : "10538594"
	}, {
		"$1" : 1,
		"country" : "Greenland",
		"population" : "58203"
	}, {
		"$1" : 0,
		"country" : "Grenada",
		"population" : "94961"
	}, {
		"$1" : 3,
		"country" : "Guadeloupe",
		"population" : "407768"
	}, {
		"$1" : 1,
		"country" : "Guam",
		"population" : "178430"
	}, {
		"$1" : 0,
		"country" : "Guatemala",
		"population" : "11277614"
	}, {
		"$1" : 0,
		"country" : "Guernsey",
		"population" : "62920"
	}, {
		"$1" : 2,
		"country" : "Guinea",
		"population" : "7411981"
	}, {
		"$1" : 2,
		"country" : "Guinea-Bissau",
		"population" : "1151330"
	}, {
		"$1" : 3,
		"country" : "Guyana",
		"population" : "712091"
	}, {
		"$1" : 2,
		"country" : "Haiti",
		"population" : "6731539"
	}, {
		"$1" : 1,
		"country" : "Holy See",
		"population" : "840"
	}, {
		"$1" : 1,
		"country" : "Honduras",
		"population" : "5605193"
	}, {
		"$1" : 1,
		"country" : "Hong Kong",
		"population" : "7055071"
	}, {
		"$1" : 2,
		"country" : "Hungary",
		"population" : "10002541"
	}, {
		"$1" : 2,
		"country" : "Iceland",
		"population" : "270292"
	}, {
		"$1" : 6,
		"country" : "India",
		"population" : "952107694"
	}, {
		"$1" : 5,
		"country" : "Indonesia",
		"population" : "206611600"
	}, {
		"$1" : 2,
		"country" : "Iran",
		"population" : "66094264"
	}, {
		"$1" : 2,
		"country" : "Iraq",
		"population" : "21422292"
	}, {
		"$1" : 2,
		"country" : "Ireland",
		"population" : "3566833"
	}, {
		"$1" : 4,
		"country" : "Israel",
		"population" : "5421995"
	}, {
		"$1" : 1,
		"country" : "Italy",
		"population" : "57460274"
	}, {
		"$1" : 2,
		"country" : "Jamaica",
		"population" : "2595275"
	}, {
		"$1" : 1,
		"country" : "Japan",
		"population" : "125449703"
	}, {
		"$1" : 0,
		"country" : "Jersey",
		"population" : "87848"
	}, {
		"$1" : 2,
		"country" : "Jordan",
		"population" : "4212152"
	}, {
		"$1" : 3,
		"country" : "Kazakstan",
		"population" : "16916463"
	}, {
		"$1" : 2,
		"country" : "Kenya",
		"population" : "28176686"
	}, {
		"$1" : 3,
		"country" : "Kiribati",
		"population" : "80919"
	}, {
		"$1" : 0,
		"country" : "Kosovo",
		"population" : "1804838"
	}, {
		"$1" : 1,
		"country" : "Kuwait",
		"population" : "1950047"
	}, {
		"$1" : 0,
		"country" : "Kyrgyzstan",
		"population" : "4529648"
	}, {
		"$1" : 1,
		"country" : "Laos",
		"population" : "4975772"
	}, {
		"$1" : 0,
		"country" : "Latvia",
		"population" : "2468982"
	}, {
		"$1" : 2,
		"country" : "Lebanon",
		"population" : "3776317"
	}, {
		"$1" : 1,
		"country" : "Lesotho",
		"population" : "1970781"
	}, {
		"$1" : 2,
		"country" : "Liberia",
		"population" : "2109789"
	}, {
		"$1" : 1,
		"country" : "Libya",
		"population" : "5445436"
	}, {
		"$1" : 2,
		"country" : "Liechtenstein",
		"population" : "31122"
	}, {
		"$1" : 0,
		"country" : "Lithuania",
		"population" : "3646041"
	}, {
		"$1" : 2,
		"country" : "Luxembourg",
		"population" : "415870"
	}, {
		"$1" : 3,
		"country" : "Macau",
		"population" : "496837"
	}, {
		"$1" : 2,
		"country" : "Macedonia",
		"population" : "2104035"
	}, {
		"$1" : 2,
		"country" : "Madagascar",
		"population" : "13670507"
	}, {
		"$1" : 3,
		"country" : "Malawi",
		"population" : "9452844"
	}, {
		"$1" : 0,
		"country" : "Malaysia",
		"population" : "19962893"
	}, {
		"$1" : 1,
		"country" : "Maldives",
		"population" : "270758"
	}, {
		"$1" : 2,
		"country" : "Mali",
		"population" : "9653261"
	}, {
		"$1" : 1,
		"country" : "Malta",
		"population" : "375576"
	}, {
		"$1" : 0,
		"country" : "Man",
		"population" : "73837"
	}, {
		"$1" : 1,
		"country" : "Marshall Islands",
		"population" : "58363"
	}, {
		"$1" : 2,
		"country" : "Martinique",
		"population" : "399151"
	}, {
		"$1" : 1,
		"country" : "Mauritania",
		"population" : "2336048"
	}, {
		"$1" : 3,
		"country" : "Mauritius",
		"population" : "1140256"
	}, {
		"$1" : 1,
		"country" : "Mayotte",
		"population" : "223765"
	}, {
		"$1" : 2,
		"country" : "Mexico",
		"population" : "95772462"
	}, {
		"$1" : 2,
		"country" : "Micronesia",
		"population" : "125377"
	}, {
		"$1" : 2,
		"country" : "Moldova",
		"population" : "4463847"
	}, {
		"$1" : 1,
		"country" : "Monaco",
		"population" : "31719"
	}, {
		"$1" : 1,
		"country" : "Mongolia",
		"population" : "2496617"
	}, {
		"$1" : 3,
		"country" : "Montenegro",
		"population" : "672180"
	}, {
		"$1" : 0,
		"country" : "Montserrat",
		"population" : "5097"
	}, {
		"$1" : 3,
		"country" : "Morocco",
		"population" : "29779156"
	}, {
		"$1" : 2,
		"country" : "Mozambique",
		"population" : "17877927"
	}, {
		"$1" : 3,
		"country" : "Myanmar",
		"population" : "45975625"
	}, {
		"$1" : 1,
		"country" : "Namibia",
		"population" : "1677243"
	}, {
		"$1" : 1,
		"country" : "Nauru",
		"population" : "10273"
	}, {
		"$1" : 3,
		"country" : "Nepal",
		"population" : "22094033"
	}, {
		"$1" : 3,
		"country" : "Netherlands",
		"population" : "15568034"
	}, {
		"$1" : 0,
		"country" : "Netherlands Antilles",
		"population" : "227049"
	}, {
		"$1" : 2,
		"country" : "New Caledonia",
		"population" : "227436"
	}, {
		"$1" : 6,
		"country" : "New Zealand",
		"population" : "3547983"
	}, {
		"$1" : 2,
		"country" : "Nicaragua",
		"population" : "4272352"
	}, {
		"$1" : 1,
		"country" : "Niger",
		"population" : "9113001"
	}, {
		"$1" : 2,
		"country" : "Nigeria",
		"population" : "103912489"
	}, {
		"$1" : 3,
		"country" : "Niue",
		"population" : "1398"
	}, {
		"$1" : 4,
		"country" : "Norfolk Island",
		"population" : "2209"
	}, {
		"$1" : 0,
		"country" : "North Korea",
		"population" : "23904124"
	}, {
		"$1" : 0,
		"country" : "Northern Mariana Islands",
		"population" : "88662"
	}, {
		"$1" : 2,
		"country" : "Norway",
		"population" : "4383807"
	}, {
		"$1" : 1,
		"country" : "Oman",
		"population" : "2186548"
	}, {
		"$1" : 1,
		"country" : "Pakistan",
		"population" : "129275660"
	}, {
		"$1" : 0,
		"country" : "Palau",
		"population" : "16952"
	}, {
		"$1" : 2,
		"country" : "Panama",
		"population" : "2655094"
	}, {
		"$1" : 6,
		"country" : "Papua New Guinea",
		"population" : "4394537"
	}, {
		"$1" : 1,
		"country" : "Paraguay",
		"population" : "5504146"
	}, {
		"$1" : 1,
		"country" : "Peru",
		"population" : "24523408"
	}, {
		"$1" : 4,
		"country" : "Philippines",
		"population" : "74480848"
	}, {
		"$1" : 1,
		"country" : "Pitcairn Islands",
		"population" : "48"
	}, {
		"$1" : 1,
		"country" : "Poland",
		"population" : "38642565"
	}, {
		"$1" : 2,
		"country" : "Portugal",
		"population" : "9865114"
	}, {
		"$1" : 2,
		"country" : "Puerto Rico",
		"population" : "3971020"
	}, {
		"$1" : 1,
		"country" : "Qatar",
		"population" : "547761"
	}, {
		"$1" : 1,
		"country" : "Reunion",
		"population" : "679198"
	}, {
		"$1" : 3,
		"country" : "Romania",
		"population" : "21657162"
	}, {
		"$1" : 0,
		"country" : "Russia",
		"population" : "148178487"
	}, {
		"$1" : 3,
		"country" : "Rwanda",
		"population" : "6853359"
	}, {
		"$1" : 0,
		"country" : "Saint Helena",
		"population" : "7637"
	}, {
		"$1" : 0,
		"country" : "Saint Kitts and Nevis",
		"population" : "41369"
	}, {
		"$1" : 3,
		"country" : "Saint Lucia",
		"population" : "157862"
	}, {
		"$1" : 0,
		"country" : "Saint Martin",
		"population" : "29820"
	}, {
		"$1" : 1,
		"country" : "Saint Pierre and Miquelon",
		"population" : "6809"
	}, {
		"$1" : 0,
		"country" : "Saint Vincent and the Grenadines",
		"population" : "118344"
	}, {
		"$1" : 1,
		"country" : "Samoa",
		"population" : "214384"
	}, {
		"$1" : 1,
		"country" : "San Marino",
		"population" : "24521"
	}, {
		"$1" : 0,
		"country" : "Sao Tome and Principe",
		"population" : "144128"
	}, {
		"$1" : 1,
		"country" : "Saudi Arabia",
		"population" : "19409058"
	}, {
		"$1" : 2,
		"country" : "Senegal",
		"population" : "9092749"
	}, {
		"$1" : 4,
		"country" : "Serbia",
		"population" : "7379339"
	}, {
		"$1" : 2,
		"country" : "Seychelles",
		"population" : "77575"
	}, {
		"$1" : 2,
		"country" : "Sierra Leone",
		"population" : "4793121"
	}, {
		"$1" : 0,
		"country" : "Singapore",
		"population" : "3396924"
	}, {
		"$1" : 3,
		"country" : "Slovakia",
		"population" : "5374362"
	}, {
		"$1" : 2,
		"country" : "Slovenia",
		"population" : "1951443"
	}, {
		"$1" : 6,
		"country" : "Solomon Islands",
		"population" : "412902"
	}, {
		"$1" : 1,
		"country" : "Somalia",
		"population" : "9639151"
	}, {
		"$1" : 1,
		"country" : "South Africa",
		"population" : "41743459"
	}, {
		"$1" : 4,
		"country" : "South Korea",
		"population" : "45482291"
	}, {
		"$1" : 1,
		"country" : "Spain",
		"population" : "39181114"
	}, {
		"$1" : 4,
		"country" : "Sri Lanka",
		"population" : "18553074"
	}, {
		"$1" : 2,
		"country" : "Sudan",
		"population" : "31547543"
	}, {
		"$1" : 4,
		"country" : "Suriname",
		"population" : "436418"
	}, {
		"$1" : 0,
		"country" : "Svalbard",
		"population" : "2116"
	}, {
		"$1" : 1,
		"country" : "Swaziland",
		"population" : "998730"
	}, {
		"$1" : 3,
		"country" : "Sweden",
		"population" : "8900954"
	}, {
		"$1" : 2,
		"country" : "Switzerland",
		"population" : "7207060"
	}, {
		"$1" : 2,
		"country" : "Syria",
		"population" : "15608648"
	}, {
		"$1" : 2,
		"country" : "Taiwan",
		"population" : "21465881"
	}, {
		"$1" : 1,
		"country" : "Tajikistan",
		"population" : "5916373"
	}, {
		"$1" : 0,
		"country" : "Tanzania",
		"population" : "29058470"
	}, {
		"$1" : 4,
		"country" : "Thailand",
		"population" : "58851357"
	}, {
		"$1" : 3,
		"country" : "Timor-Leste",
		"population" : "1131612"
	}, {
		"$1" : 2,
		"country" : "Togo",
		"population" : "4570530"
	}, {
		"$1" : 1,
		"country" : "Tonga",
		"population" : "106466"
	}, {
		"$1" : 5,
		"country" : "Trinidad and Tobago",
		"population" : "1272385"
	}, {
		"$1" : 3,
		"country" : "Tunisia",
		"population" : "9019687"
	}, {
		"$1" : 1,
		"country" : "Turkey",
		"population" : "62484478"
	}, {
		"$1" : 2,
		"country" : "Turkmenistan",
		"population" : "4149283"
	}, {
		"$1" : 4,
		"country" : "Turks and Caicos Islands",
		"population" : "22942"
	}, {
		"$1" : 3,
		"country" : "Tuvalu",
		"population" : "10146"
	}, {
		"$1" : 3,
		"country" : "Uganda",
		"population" : "20158176"
	}, {
		"$1" : 0,
		"country" : "Ukraine",
		"population" : "50864009"
	}, {
		"$1" : 1,
		"country" : "United Arab Emirates",
		"population" : "3057337"
	}, {
		"$1" : 0,
		"country" : "United Kingdom",
		"population" : "58489975"
	}, {
		"$1" : 3,
		"country" : "United States",
		"population" : "266476278"
	}, {
		"$1" : 3,
		"country" : "Uruguay",
		"population" : "3238952"
	}, {
		"$1" : 2,
		"country" : "Uzbekistan",
		"population" : "23418381"
	}, {
		"$1" : 5,
		"country" : "Vanuatu",
		"population" : "177504"
	}, {
		"$1" : 2,
		"country" : "Venezuela",
		"population" : "21983188"
	}, {
		"$1" : 0,
		"country" : "Vietnam",
		"population" : "73976973"
	}, {
		"$1" : 3,
		"country" : "Virgin Islands",
		"population" : "97120"
	}, {
		"$1" : 1,
		"country" : "Wallis and Futuna",
		"population" : "15289"
	}, {
		"$1" : 3,
		"country" : "West Bank",
		"population" : "1427741"
	}, {
		"$1" : 1,
		"country" : "Western Sahara",
		"population" : "222631"
	}, {
		"$1" : 0,
		"country" : "Yemen",
		"population" : "13483178"
	}, {
		"$1" : 4,
		"country" : "Zaire",
		"population" : "46498539"
	}, {
		"$1" : 2,
		"country" : "Zambia",
		"population" : "9159072"
	}, {
		"$1" : 2,
		"country" : "Zimbabwe",
		"population" : "11271314"
	} ]
	,
	"plans":{},
	"status": "success",
	"metrics": {
		"elapsedTime": "94.322296ms",
		"executionTime": "93.974041ms",
		"resultCount": 238,
		"resultSize": 16592,
		"processedObjects": 1
	}
}
