{
	"requestID": "ee714b30-7836-4d96-80da-30683cf5d8bc",
	"signature": "*",
	"results": [ {
		"num_countries" : 104,
		"religion" : "Roman Catholic"
	}, {
		"num_countries" : 98,
		"religion" : "Muslim"
	}, {
		"num_countries" : 67,
		"religion" : "Protestant"
	}, {
		"num_countries" : 57,
		"religion" : "Christian"
	}, {
		"num_countries" : 22,
		"religion" : "Christian Orthodox"
	}, {
		"num_countries" : 16,
		"religion" : "Anglican"
	}, {
		"num_countries" : 15,
		"religion" : "Buddhist"
	}, {
		"num_countries" : 14,
		"religion" : "Hindu"
	}, {
		"num_countries" : 13,
		"religion" : "Jewish"
	}, {
		"num_countries" : 7,
		"religion" : "Seventh-Day Adventist"
	}, {
		"num_countries" : 5,
		"religion" : "Baptist"
	}, {
		"num_countries" : 4,
		"religion" : "Methodist"
	}, {
		"num_countries" : 3,
		"religion" : "Presbyterian"
	}, {
		"num_countries" : 3,
		"religion" : "Church of God"
	}, {
		"num_countries" : 2,
		"religion" : "Mormon"
	}, {
		"num_countries" : 2,
		"religion" : "Bahai"
	}, {
		"num_countries" : 2,
		"religion" : "United Church"
	}, {
		"num_countries" : 1,
		"religion" : "Sikh"
	}, {
		"num_countries" : 1,
		"religion" : "Druze"
	}, {
		"num_countries" : 1,
		"religion" : "Kimbanguist"
	}, {
		"num_countries" : 1,
		"religion" : "Church Christ"
	}, {
		"num_countries" : 1,
		"religion" : "Ekalesia Niue"
	}, {
		"num_countries" : 1,
		"religion" : "Armenian Apostolic"
	}, {
		"num_countries" : 1,
		"religion" : "Uniting Church Australia"
	}, {
		"num_countries" : 1,
		"religion" : "African Methodist Episcopal"
	}, {
		"num_countries" : 1,
		"religion" : "Jains"
	}, {
		"num_countries" : 1,
		"religion" : "Taoist"
	}, {
		"num_countries" : 1,
		"religion" : "United"
	}, {
		"num_countries" : 1,
		"religion" : "Judaism"
	}, {
		"num_countries" : 1,
		"religion" : "Chondogyo"
	}, {
		"num_countries" : 1,
		"religion" : "Pentecostal"
	}, {
		"num_countries" : 1,
		"religion" : "Confucianism"
	}, {
		"num_countries" : 1,
		"religion" : "Episcopalian"
	}, {
		"num_countries" : 1,
		"religion" : "Church Tuvalu"
	}, {
		"num_countries" : 1,
		"religion" : "Coptic Christian"
	}, {
		"num_countries" : 1,
		"religion" : "Evangelical Alliance"
	}, {
		"num_countries" : 1,
		"religion" : "Christian Congregationalist"
	} ]
	,
	"plans":{},
	"status": "success",
	"metrics": {
		"elapsedTime": "99.223238ms",
		"executionTime": "98.89238ms",
		"resultCount": 37,
		"resultSize": 2104,
		"processedObjects": 1
	}
}
