{
	"requestID": "feb1a31f-22f1-4c25-b233-4cb08e0e142f",
	"signature": "*",
	"results": [ {
		"height" : 952,
		"country_code" : "CDN",
		"mountain" : "Mt. Babel",
		"country_name" : "Canada"
	}, {
		"height" : 8848,
		"country_code" : "TJ",
		"mountain" : "Mount Everest",
		"country_name" : "China"
	}, {
		"height" : 8848,
		"country_code" : "NEP",
		"mountain" : "Mount Everest",
		"country_name" : "Nepal"
	}, {
		"height" : 869,
		"country_code" : "AUS",
		"mountain" : "Uluru",
		"country_name" : "Australia"
	}, {
		"height" : 8611,
		"country_code" : "TJ",
		"mountain" : "K2",
		"country_name" : "China"
	}, {
		"height" : 8611,
		"country_code" : "PK",
		"mountain" : "K2",
		"country_name" : "Pakistan"
	}, {
		"height" : 8586,
		"country_code" : "IND",
		"mountain" : "Kangchendzonga",
		"country_name" : "India"
	}, {
		"height" : 8586,
		"country_code" : "NEP",
		"mountain" : "Kangchendzonga",
		"country_name" : "Nepal"
	}, {
		"height" : 8516,
		"country_code" : "TJ",
		"mountain" : "Lhotse",
		"country_name" : "China"
	}, {
		"height" : 8516,
		"country_code" : "NEP",
		"mountain" : "Lhotse",
		"country_name" : "Nepal"
	}, {
		"height" : 8485,
		"country_code" : "TJ",
		"mountain" : "Makalu",
		"country_name" : "China"
	}, {
		"height" : 8485,
		"country_code" : "NEP",
		"mountain" : "Makalu",
		"country_name" : "Nepal"
	}, {
		"height" : 8188,
		"country_code" : "TJ",
		"mountain" : "Cho Oyu",
		"country_name" : "China"
	}, {
		"height" : 8188,
		"country_code" : "NEP",
		"mountain" : "Cho Oyu",
		"country_name" : "Nepal"
	}, {
		"height" : 8167,
		"country_code" : "NEP",
		"mountain" : "Dhaulagiri",
		"country_name" : "Nepal"
	}, {
		"height" : 8163,
		"country_code" : "NEP",
		"mountain" : "Manaslu",
		"country_name" : "Nepal"
	}, {
		"height" : 813,
		"country_code" : "RI",
		"mountain" : "Krakatau",
		"country_name" : "Indonesia"
	}, {
		"height" : 8125,
		"country_code" : "PK",
		"mountain" : "Nanga Parbat",
		"country_name" : "Pakistan"
	}, {
		"height" : 8091,
		"country_code" : "NEP",
		"mountain" : "Annapurna",
		"country_name" : "Nepal"
	}, {
		"height" : 8080,
		"country_code" : "TJ",
		"mountain" : "Gasherbrum I",
		"country_name" : "China"
	}, {
		"height" : 8080,
		"country_code" : "PK",
		"mountain" : "Gasherbrum I",
		"country_name" : "Pakistan"
	}, {
		"height" : 8051,
		"country_code" : "TJ",
		"mountain" : "Broad Peak",
		"country_name" : "China"
	}, {
		"height" : 8051,
		"country_code" : "PK",
		"mountain" : "Broad Peak",
		"country_name" : "Pakistan"
	}, {
		"height" : 8034,
		"country_code" : "TJ",
		"mountain" : "Gasherbrum II",
		"country_name" : "China"
	}, {
		"height" : 8034,
		"country_code" : "PK",
		"mountain" : "Gasherbrum II",
		"country_name" : "Pakistan"
	}, {
		"height" : 8027,
		"country_code" : "TJ",
		"mountain" : "Shishapangma",
		"country_name" : "China"
	}, {
		"height" : 7816,
		"country_code" : "IND",
		"mountain" : "Nanda Devi",
		"country_name" : "India"
	}, {
		"height" : 7690,
		"country_code" : "AFG",
		"mountain" : "Tirich Mir",
		"country_name" : "Afghanistan"
	}, {
		"height" : 7494,
		"country_code" : "TAD",
		"mountain" : "Pik Kommunizma",
		"country_name" : "Tajikistan"
	}, {
		"height" : 7439,
		"country_code" : "TJ",
		"mountain" : "Pik Pobeda",
		"country_name" : "China"
	}, {
		"height" : 7439,
		"country_code" : "KGZ",
		"mountain" : "Pik Pobeda",
		"country_name" : "Kyrgyzstan"
	}, {
		"height" : 7134,
		"country_code" : "KGZ",
		"mountain" : "Pik Lenina",
		"country_name" : "Kyrgyzstan"
	}, {
		"height" : 7134,
		"country_code" : "TAD",
		"mountain" : "Pik Lenina",
		"country_name" : "Tajikistan"
	}, {
		"height" : 6995,
		"country_code" : "KGZ",
		"mountain" : "Pik Chan-Tengri",
		"country_name" : "Kyrgyzstan"
	}, {
		"height" : 6974,
		"country_code" : "TAD",
		"mountain" : "Pik Revoluzija",
		"country_name" : "Tajikistan"
	}, {
		"height" : 6962,
		"country_code" : "RA",
		"mountain" : "Aconcagua",
		"country_name" : "Argentina"
	}, {
		"height" : 6893,
		"country_code" : "RA",
		"mountain" : "Ojos del Salado",
		"country_name" : "Argentina"
	}, {
		"height" : 6893,
		"country_code" : "RCH",
		"mountain" : "Ojos del Salado",
		"country_name" : "Chile"
	}, {
		"height" : 6795,
		"country_code" : "RA",
		"mountain" : "Monte Pissis",
		"country_name" : "Argentina"
	}, {
		"height" : 6785,
		"country_code" : "TAD",
		"mountain" : "Pik Moskva",
		"country_name" : "Tajikistan"
	}, {
		"height" : 6768,
		"country_code" : "PE",
		"mountain" : "Huascaran",
		"country_name" : "Peru"
	}, {
		"height" : 6739,
		"country_code" : "RA",
		"mountain" : "Llullaillaco",
		"country_name" : "Argentina"
	}, {
		"height" : 6739,
		"country_code" : "RCH",
		"mountain" : "Llullaillaco",
		"country_name" : "Chile"
	}, {
		"height" : 6726,
		"country_code" : "TAD",
		"mountain" : "Pik Karl-Marx",
		"country_name" : "Tajikistan"
	}, {
		"height" : 6714,
		"country_code" : "TJ",
		"mountain" : "Kailash",
		"country_name" : "China"
	}, {
		"height" : 6550,
		"country_code" : "RA",
		"mountain" : "Tupungato",
		"country_name" : "Argentina"
	}, {
		"height" : 6542,
		"country_code" : "BOL",
		"mountain" : "Sajama",
		"country_name" : "Bolivia"
	}, {
		"height" : 6439,
		"country_code" : "BOL",
		"mountain" : "Illimani",
		"country_name" : "Bolivia"
	}, {
		"height" : 6425,
		"country_code" : "PE",
		"mountain" : "Coropuna",
		"country_name" : "Peru"
	}, {
		"height" : 6368,
		"country_code" : "BOL",
		"mountain" : "Illampu",
		"country_name" : "Bolivia"
	}, {
		"height" : 6336,
		"country_code" : "PE",
		"mountain" : "Ausangate",
		"country_name" : "Peru"
	}, {
		"height" : 6288,
		"country_code" : "PE",
		"mountain" : "Ampato",
		"country_name" : "Peru"
	}, {
		"height" : 6287,
		"country_code" : "EC",
		"mountain" : "Chimborazo",
		"country_name" : "Ecuador"
	}, {
		"height" : 6193,
		"country_code" : "USA",
		"mountain" : "Mt McKinley",
		"country_name" : "United States"
	}, {
		"height" : 5959,
		"country_code" : "CDN",
		"mountain" : "Mt Logan",
		"country_name" : "Canada"
	}, {
		"height" : 5947,
		"country_code" : "PE",
		"mountain" : "Alpamayo",
		"country_name" : "Peru"
	}, {
		"height" : 5920,
		"country_code" : "BOL",
		"mountain" : "Licancabur",
		"country_name" : "Bolivia"
	}, {
		"height" : 5920,
		"country_code" : "RCH",
		"mountain" : "Licancabur",
		"country_name" : "Chile"
	}, {
		"height" : 5897,
		"country_code" : "EC",
		"mountain" : "Cotopaxi",
		"country_name" : "Ecuador"
	}, {
		"height" : 5895,
		"country_code" : "EAT",
		"mountain" : "Kilimanjaro",
		"country_name" : "Tanzania"
	}, {
		"height" : 5796,
		"country_code" : "EC",
		"mountain" : "Cayambe",
		"country_name" : "Ecuador"
	}, {
		"height" : 5775,
		"country_code" : "CO",
		"mountain" : "Pico Cristobal Colon",
		"country_name" : "Colombia"
	}, {
		"height" : 5750,
		"country_code" : "CO",
		"mountain" : "Nevado del Huila",
		"country_name" : "Colombia"
	}, {
		"height" : 5700,
		"country_code" : "MEX",
		"mountain" : "Citlaltepetl (Pico de Orizaba)",
		"country_name" : "Mexico"
	}, {
		"height" : 5642,
		"country_code" : "R",
		"mountain" : "Elbrus",
		"country_name" : "Russia"
	}, {
		"height" : 5610,
		"country_code" : "IR",
		"mountain" : "Damavand",
		"country_name" : "Iran"
	}, {
		"height" : 5489,
		"country_code" : "CDN",
		"mountain" : "Mt St.Elias",
		"country_name" : "Canada"
	}, {
		"height" : 5489,
		"country_code" : "USA",
		"mountain" : "Mt St.Elias",
		"country_name" : "United States"
	}, {
		"height" : 5450,
		"country_code" : "MEX",
		"mountain" : "Popocatepetl",
		"country_name" : "Mexico"
	}, {
		"height" : 5389,
		"country_code" : "CO",
		"mountain" : "Nevado del Ruiz",
		"country_name" : "Colombia"
	}, {
		"height" : 5286,
		"country_code" : "MEX",
		"mountain" : "Iztaccihuatl",
		"country_name" : "Mexico"
	}, {
		"height" : 5199,
		"country_code" : "EAK",
		"mountain" : "Kenia",
		"country_name" : "Kenya"
	}, {
		"height" : 5187,
		"country_code" : "PE",
		"mountain" : "Pico Rocarre",
		"country_name" : "Peru"
	}, {
		"height" : 5165,
		"country_code" : "TR",
		"mountain" : "Ararat",
		"country_name" : "Turkey"
	}, {
		"height" : 5148,
		"country_code" : "EAT",
		"mountain" : "Mawenzi",
		"country_name" : "Tanzania"
	}, {
		"height" : 5109,
		"country_code" : "EAU",
		"mountain" : "Ruwenzori",
		"country_name" : "Uganda"
	}, {
		"height" : 5109,
		"country_code" : "ZRE",
		"mountain" : "Ruwenzori",
		"country_name" : "Zaire"
	}, {
		"height" : 5033,
		"country_code" : "GE",
		"mountain" : "Kasbek",
		"country_name" : "Georgia"
	}, {
		"height" : 5033,
		"country_code" : "R",
		"mountain" : "Kasbek",
		"country_name" : "Russia"
	}, {
		"height" : 5005,
		"country_code" : "CDN",
		"mountain" : "Mt Bona",
		"country_name" : "Canada"
	}, {
		"height" : 5005,
		"country_code" : "USA",
		"mountain" : "Mt Bona",
		"country_name" : "United States"
	}, {
		"height" : 4996,
		"country_code" : "USA",
		"mountain" : "Mt Blackburn",
		"country_name" : "United States"
	}, {
		"height" : 4981,
		"country_code" : "YV",
		"mountain" : "Pico Bolivar",
		"country_name" : "Venezuela"
	}, {
		"height" : 4884,
		"country_code" : "RI",
		"mountain" : "Puncak Jaya",
		"country_name" : "Indonesia"
	}, {
		"height" : 4811,
		"country_code" : "IR",
		"mountain" : "Sabalan",
		"country_name" : "Iran"
	}, {
		"height" : 4808,
		"country_code" : "F",
		"mountain" : "Mont Blanc",
		"country_name" : "France"
	}, {
		"height" : 4808,
		"country_code" : "I",
		"mountain" : "Mont Blanc",
		"country_name" : "Italy"
	}, {
		"height" : 4750,
		"country_code" : "R",
		"mountain" : "Kljutschewskaja Sopka",
		"country_name" : "Russia"
	}, {
		"height" : 4663,
		"country_code" : "CDN",
		"mountain" : "Mt Fairweather",
		"country_name" : "Canada"
	}, {
		"height" : 4663,
		"country_code" : "USA",
		"mountain" : "Mt Fairweather",
		"country_name" : "United States"
	}, {
		"height" : 4634,
		"country_code" : "I",
		"mountain" : "Monte Rosa",
		"country_name" : "Italy"
	}, {
		"height" : 4634,
		"country_code" : "CH",
		"mountain" : "Monte Rosa",
		"country_name" : "Switzerland"
	}, {
		"height" : 4567,
		"country_code" : "EAT",
		"mountain" : "Meru",
		"country_name" : "Tanzania"
	}, {
		"height" : 4558,
		"country_code" : "MEX",
		"mountain" : "Nevado de Toluca",
		"country_name" : "Mexico"
	}, {
		"height" : 4550,
		"country_code" : "IR",
		"mountain" : "Zard Kuh",
		"country_name" : "Iran"
	}, {
		"height" : 4533,
		"country_code" : "ETH",
		"mountain" : "Ras Daschan Terara",
		"country_name" : "Ethiopia"
	}, {
		"height" : 4509,
		"country_code" : "PNG",
		"mountain" : "Mt. Wilhelm",
		"country_name" : "Papua New Guinea"
	}, {
		"height" : 4507,
		"country_code" : "RWA",
		"mountain" : "Karisimbi",
		"country_name" : "Rwanda"
	}, {
		"height" : 4507,
		"country_code" : "ZRE",
		"mountain" : "Karisimbi",
		"country_name" : "Zaire"
	}, {
		"height" : 4506,
		"country_code" : "KAZ",
		"mountain" : "Bjelucha",
		"country_name" : "Kazakstan"
	}, {
		"height" : 4506,
		"country_code" : "R",
		"mountain" : "Bjelucha",
		"country_name" : "Russia"
	}, {
		"height" : 4478,
		"country_code" : "I",
		"mountain" : "Matterhorn",
		"country_name" : "Italy"
	}, {
		"height" : 4478,
		"country_code" : "CH",
		"mountain" : "Matterhorn",
		"country_name" : "Switzerland"
	}, {
		"height" : 4418,
		"country_code" : "USA",
		"mountain" : "Mt Whitney",
		"country_name" : "United States"
	}, {
		"height" : 4401,
		"country_code" : "USA",
		"mountain" : "Mt Elbert",
		"country_name" : "United States"
	}, {
		"height" : 4392,
		"country_code" : "USA",
		"mountain" : "Mt Rainier",
		"country_name" : "United States"
	}, {
		"height" : 4368,
		"country_code" : "PNG",
		"mountain" : "Mt. Giluwe",
		"country_name" : "Papua New Guinea"
	}, {
		"height" : 4330,
		"country_code" : "MEX",
		"mountain" : "Nevado de Colima",
		"country_name" : "Mexico"
	}, {
		"height" : 4321,
		"country_code" : "EAK",
		"mountain" : "Elgon",
		"country_name" : "Kenya"
	}, {
		"height" : 4321,
		"country_code" : "EAU",
		"mountain" : "Elgon",
		"country_name" : "Uganda"
	}, {
		"height" : 4314,
		"country_code" : "CH",
		"mountain" : "GrandCombin",
		"country_name" : "Switzerland"
	}, {
		"height" : 4302,
		"country_code" : "USA",
		"mountain" : "Pikes Peak",
		"country_name" : "United States"
	}, {
		"height" : 4274,
		"country_code" : "CH",
		"mountain" : "Finsteraarhorn",
		"country_name" : "Switzerland"
	}, {
		"height" : 4220,
		"country_code" : "GCA",
		"mountain" : "Tajumulco",
		"country_name" : "Guatemala"
	}, {
		"height" : 4214,
		"country_code" : "USA",
		"mountain" : "Mauna Kea",
		"country_name" : "United States"
	}, {
		"height" : 4207,
		"country_code" : "USA",
		"mountain" : "Gannett Peak",
		"country_name" : "United States"
	}, {
		"height" : 4170,
		"country_code" : "USA",
		"mountain" : "Mauna Loa",
		"country_name" : "United States"
	}, {
		"height" : 4165,
		"country_code" : "MA",
		"mountain" : "Tubkhal",
		"country_name" : "Morocco"
	}, {
		"height" : 4123,
		"country_code" : "USA",
		"mountain" : "Kings Peak",
		"country_name" : "United States"
	}, {
		"height" : 4101,
		"country_code" : "F",
		"mountain" : "Barre des Ecrins",
		"country_name" : "France"
	}, {
		"height" : 4101,
		"country_code" : "MAL",
		"mountain" : "Kinabalu",
		"country_name" : "Malaysia"
	}, {
		"height" : 4095,
		"country_code" : "CAM",
		"mountain" : "Fako",
		"country_name" : "Cameroon"
	}, {
		"height" : 4061,
		"country_code" : "I",
		"mountain" : "GranParadiso",
		"country_name" : "Italy"
	}, {
		"height" : 4048,
		"country_code" : "I",
		"mountain" : "Piz Bernina",
		"country_name" : "Italy"
	}, {
		"height" : 4048,
		"country_code" : "CH",
		"mountain" : "Piz Bernina",
		"country_name" : "Switzerland"
	}, {
		"height" : 4019,
		"country_code" : "CDN",
		"mountain" : "Mt Waddington",
		"country_name" : "Canada"
	}, {
		"height" : 4011,
		"country_code" : "USA",
		"mountain" : "Wheeler Peak",
		"country_name" : "United States"
	}, {
		"height" : 4006,
		"country_code" : "USA",
		"mountain" : "Boundary Peak",
		"country_name" : "United States"
	}, {
		"height" : 3954,
		"country_code" : "CDN",
		"mountain" : "Mt Robson",
		"country_name" : "Canada"
	}, {
		"height" : 3950,
		"country_code" : "RC",
		"mountain" : "Yu Shan",
		"country_name" : "Taiwan"
	}, {
		"height" : 3901,
		"country_code" : "USA",
		"mountain" : "Granite Peak",
		"country_name" : "United States"
	}, {
		"height" : 3859,
		"country_code" : "USA",
		"mountain" : "Borah Peak",
		"country_name" : "United States"
	}, {
		"height" : 3850,
		"country_code" : "USA",
		"mountain" : "Humphreys Peak",
		"country_name" : "United States"
	}, {
		"height" : 3819,
		"country_code" : "CR",
		"mountain" : "Cerro Chirripo",
		"country_name" : "Costa Rica"
	}, {
		"height" : 3805,
		"country_code" : "RI",
		"mountain" : "Kerinci",
		"country_name" : "Indonesia"
	}, {
		"height" : 3797,
		"country_code" : "A",
		"mountain" : "Grossglockner",
		"country_name" : "Austria"
	}, {
		"height" : 3776,
		"country_code" : "J",
		"mountain" : "Fujisan",
		"country_name" : "Japan"
	}, {
		"height" : 3760,
		"country_code" : "YE",
		"mountain" : "Jabal Shuayb",
		"country_name" : "Yemen"
	}, {
		"height" : 3756,
		"country_code" : "TR",
		"mountain" : "Demirkazik",
		"country_name" : "Turkey"
	}, {
		"height" : 3754,
		"country_code" : "NZ",
		"mountain" : "Mt. Cook",
		"country_name" : "New Zealand"
	}, {
		"height" : 3747,
		"country_code" : "CDN",
		"mountain" : "Mt Columbia",
		"country_name" : "Canada"
	}, {
		"height" : 3743,
		"country_code" : "USA",
		"mountain" : "Mt Adams",
		"country_name" : "United States"
	}, {
		"height" : 3726,
		"country_code" : "RI",
		"mountain" : "Rinjani",
		"country_name" : "Indonesia"
	}, {
		"height" : 3718,
		"country_code" : "E",
		"mountain" : "Pico de Teide",
		"country_name" : "Spain"
	}, {
		"height" : 3676,
		"country_code" : "RI",
		"mountain" : "Semeru",
		"country_name" : "Indonesia"
	}, {
		"height" : 3482,
		"country_code" : "E",
		"mountain" : "Mulhacen",
		"country_name" : "Spain"
	}, {
		"height" : 3482,
		"country_code" : "LS",
		"mountain" : "Thabana Ntlenyana",
		"country_name" : "Lesotho"
	}, {
		"height" : 3466,
		"country_code" : "RI",
		"mountain" : "Leuser",
		"country_name" : "Indonesia"
	}, {
		"height" : 3455,
		"country_code" : "RI",
		"mountain" : "Rantekombola",
		"country_name" : "Indonesia"
	}, {
		"height" : 3432,
		"country_code" : "CR",
		"mountain" : "Irazu",
		"country_name" : "Costa Rica"
	}, {
		"height" : 3424,
		"country_code" : "USA",
		"mountain" : "Mt Hood",
		"country_name" : "United States"
	}, {
		"height" : 3415,
		"country_code" : "TCH",
		"mountain" : "Emi Kussi",
		"country_name" : "Chad"
	}, {
		"height" : 3404,
		"country_code" : "E",
		"mountain" : "Pico de Aneto",
		"country_name" : "Spain"
	}, {
		"height" : 3343,
		"country_code" : "I",
		"mountain" : "Marmolata",
		"country_name" : "Italy"
	}, {
		"height" : 3323,
		"country_code" : "I",
		"mountain" : "Etna",
		"country_name" : "Italy"
	}, {
		"height" : 3298,
		"country_code" : "F",
		"mountain" : "Vignemale",
		"country_name" : "France"
	}, {
		"height" : 3298,
		"country_code" : "E",
		"mountain" : "Vignemale",
		"country_name" : "Spain"
	}, {
		"height" : 3190,
		"country_code" : "J",
		"mountain" : "Hotaka-Dake",
		"country_name" : "Japan"
	}, {
		"height" : 3181,
		"country_code" : "RSA",
		"mountain" : "Cathkin Peak",
		"country_name" : "South Africa"
	}, {
		"height" : 3142,
		"country_code" : "RI",
		"mountain" : "Gunung Agung",
		"country_name" : "Indonesia"
	}, {
		"height" : 3108,
		"country_code" : "USA",
		"mountain" : "Mt Redoubt",
		"country_name" : "United States"
	}, {
		"height" : 3098,
		"country_code" : "DOM",
		"mountain" : "Pico Duarte",
		"country_name" : "Dominican Republic"
	}, {
		"height" : 3088,
		"country_code" : "RL",
		"mountain" : "Jabal Lubnan",
		"country_name" : "Lebanon"
	}, {
		"height" : 3088,
		"country_code" : "SUD",
		"mountain" : "Jabal Marra",
		"country_name" : "Sudan"
	}, {
		"height" : 3069,
		"country_code" : "REUN",
		"mountain" : "Piton des Neiges",
		"country_name" : "Reunion"
	}, {
		"height" : 3055,
		"country_code" : "USA",
		"mountain" : "Haleakala",
		"country_name" : "United States"
	}, {
		"height" : 3027,
		"country_code" : "RI",
		"mountain" : "Gunung Binaiya",
		"country_name" : "Indonesia"
	}, {
		"height" : 3011,
		"country_code" : "GQ",
		"mountain" : "Pico Basile",
		"country_name" : "Equatorial Guinea"
	}, {
		"height" : 3003,
		"country_code" : "DZ",
		"mountain" : "Tahat",
		"country_name" : "Algeria"
	}, {
		"height" : 2963,
		"country_code" : "TL",
		"mountain" : "Tatamailau",
		"country_name" : "Timor-Leste"
	}, {
		"height" : 2963,
		"country_code" : "A",
		"mountain" : "Zugspitze",
		"country_name" : "Austria"
	}, {
		"height" : 2963,
		"country_code" : "D",
		"mountain" : "Zugspitze",
		"country_name" : "Germany"
	}, {
		"height" : 2954,
		"country_code" : "RP",
		"mountain" : "Mount Apo",
		"country_name" : "Philippines"
	}, {
		"height" : 2928,
		"country_code" : "RP",
		"mountain" : "Pulog",
		"country_name" : "Philippines"
	}, {
		"height" : 2925,
		"country_code" : "BG",
		"mountain" : "Musala",
		"country_name" : "Bulgaria"
	}, {
		"height" : 2917,
		"country_code" : "GR",
		"mountain" : "Olymp",
		"country_name" : "Greece"
	}, {
		"height" : 2914,
		"country_code" : "RI",
		"mountain" : "Merapi",
		"country_name" : "Indonesia"
	}, {
		"height" : 2912,
		"country_code" : "I",
		"mountain" : "Gran Sasso",
		"country_name" : "Italy"
	}, {
		"height" : 2876,
		"country_code" : "RM",
		"mountain" : "Tsaratanana",
		"country_name" : "Madagascar"
	}, {
		"height" : 2862,
		"country_code" : "A",
		"mountain" : "Hochgolling",
		"country_name" : "Austria"
	}, {
		"height" : 2850,
		"country_code" : "RI",
		"mountain" : "Tambora",
		"country_name" : "Indonesia"
	}, {
		"height" : 2829,
		"country_code" : "CV",
		"mountain" : "Fogo",
		"country_name" : "Cape Verde"
	}, {
		"height" : 2797,
		"country_code" : "NZ",
		"mountain" : "Ruapehu",
		"country_name" : "New Zealand"
	}, {
		"height" : 2791,
		"country_code" : "BR",
		"mountain" : "Pico de Agulhas Negras",
		"country_name" : "Brazil"
	}, {
		"height" : 2751,
		"country_code" : "AL",
		"mountain" : "Korab",
		"country_name" : "Albania"
	}, {
		"height" : 2751,
		"country_code" : "MK",
		"mountain" : "Korab",
		"country_name" : "Macedonia"
	}, {
		"height" : 2744,
		"country_code" : "TJ",
		"mountain" : "Changbai Shan",
		"country_name" : "China"
	}, {
		"height" : 2744,
		"country_code" : "NOK",
		"mountain" : "Changbai Shan",
		"country_name" : "North Korea"
	}, {
		"height" : 2715,
		"country_code" : "PNG",
		"mountain" : "Mt. Balbi",
		"country_name" : "Papua New Guinea"
	}, {
		"height" : 2706,
		"country_code" : "F",
		"mountain" : "Monte Cinto",
		"country_name" : "France"
	}, {
		"height" : 2694,
		"country_code" : "AL",
		"mountain" : "Jezerce",
		"country_name" : "Albania"
	}, {
		"height" : 2667,
		"country_code" : "USA",
		"mountain" : "Guadalupe Peak",
		"country_name" : "United States"
	}, {
		"height" : 2658,
		"country_code" : "RM",
		"mountain" : "Andringitra",
		"country_name" : "Madagascar"
	}, {
		"height" : 2655,
		"country_code" : "SK",
		"mountain" : "GerlachovskyStit",
		"country_name" : "Slovakia"
	}, {
		"height" : 2648,
		"country_code" : "E",
		"mountain" : "Pico de Almanzor",
		"country_name" : "Spain"
	}, {
		"height" : 2648,
		"country_code" : "E",
		"mountain" : "Torre de Cerredo",
		"country_name" : "Spain"
	}, {
		"height" : 2642,
		"country_code" : "RM",
		"mountain" : "Tsiafajavona",
		"country_name" : "Madagascar"
	}, {
		"height" : 2637,
		"country_code" : "ET",
		"mountain" : "Jabal Katrina",
		"country_name" : "Egypt"
	}, {
		"height" : 2636,
		"country_code" : "IND",
		"mountain" : "Dodabetta",
		"country_name" : "India"
	}, {
		"height" : 2631,
		"country_code" : "REUN",
		"mountain" : "Piton de la Fournaise",
		"country_name" : "Reunion"
	}, {
		"height" : 2616,
		"country_code" : "CDN",
		"mountain" : "Barbeau Peak",
		"country_name" : "Canada"
	}, {
		"height" : 2544,
		"country_code" : "RO",
		"mountain" : "Moldoveanu",
		"country_name" : "Romania"
	}, {
		"height" : 2524,
		"country_code" : "CL",
		"mountain" : "Pidurutalagala",
		"country_name" : "Sri Lanka"
	}, {
		"height" : 2469,
		"country_code" : "N",
		"mountain" : "Galdhoeppig",
		"country_name" : "Norway"
	}, {
		"height" : 2456,
		"country_code" : "MA",
		"mountain" : "Djebel Aures",
		"country_name" : "Morocco"
	}, {
		"height" : 2456,
		"country_code" : "GR",
		"mountain" : "Psiloritis",
		"country_name" : "Greece"
	}, {
		"height" : 2452,
		"country_code" : "N",
		"mountain" : "Glittertind",
		"country_name" : "Norway"
	}, {
		"height" : 2435,
		"country_code" : "RP",
		"mountain" : "Kanlaon",
		"country_name" : "Philippines"
	}, {
		"height" : 2426,
		"country_code" : "E",
		"mountain" : "Roque de los Muchachos",
		"country_name" : "Spain"
	}, {
		"height" : 2351,
		"country_code" : "P",
		"mountain" : "Pico",
		"country_name" : "Portugal"
	}, {
		"height" : 2335,
		"country_code" : "SLB",
		"mountain" : "Popomanaseu",
		"country_name" : "Solomon Islands"
	}, {
		"height" : 2313,
		"country_code" : "E",
		"mountain" : "Moncayo",
		"country_name" : "Spain"
	}, {
		"height" : 2290,
		"country_code" : "J",
		"mountain" : "Asahi-Dake",
		"country_name" : "Japan"
	}, {
		"height" : 2286,
		"country_code" : "N",
		"mountain" : "Snoehetta",
		"country_name" : "Norway"
	}, {
		"height" : 2256,
		"country_code" : "JA",
		"mountain" : "Blue Mountain Peak",
		"country_name" : "Jamaica"
	}, {
		"height" : 2241,
		"country_code" : "FPOL",
		"mountain" : "Mont Orohena",
		"country_name" : "French Polynesia"
	}, {
		"height" : 2228,
		"country_code" : "CH",
		"mountain" : "Crap_Sogn_Gion",
		"country_name" : "Switzerland"
	}, {
		"height" : 2228,
		"country_code" : "AUS",
		"mountain" : "Mt. Kosciuszko",
		"country_name" : "Australia"
	}, {
		"height" : 2207,
		"country_code" : "USA",
		"mountain" : "Harney Peak",
		"country_name" : "United States"
	}, {
		"height" : 2190,
		"country_code" : "MAL",
		"mountain" : "Tahan",
		"country_name" : "Malaysia"
	}, {
		"height" : 2147,
		"country_code" : "CDN",
		"mountain" : "Mt. Odin",
		"country_name" : "Canada"
	}, {
		"height" : 2114,
		"country_code" : "S",
		"mountain" : "Kebnekaise",
		"country_name" : "Sweden"
	}, {
		"height" : 2110,
		"country_code" : "IS",
		"mountain" : "Hvannadalshnukur",
		"country_name" : "Iceland"
	}, {
		"height" : 2090,
		"country_code" : "S",
		"mountain" : "Sarektjokko",
		"country_name" : "Sweden"
	}, {
		"height" : 2085,
		"country_code" : "RP",
		"mountain" : "Mantalingajan",
		"country_name" : "Philippines"
	}, {
		"height" : 2083,
		"country_code" : "N",
		"mountain" : "Jostedalsbre",
		"country_name" : "Norway"
	}, {
		"height" : 2060,
		"country_code" : "HELX",
		"mountain" : "Queen Marys Peak",
		"country_name" : "Saint Helena"
	}, {
		"height" : 2037,
		"country_code" : "USA",
		"mountain" : "Mt Mitchell",
		"country_name" : "United States"
	}, {
		"height" : 2025,
		"country_code" : "USA",
		"mountain" : "Clingmans Dome",
		"country_name" : "United States"
	}, {
		"height" : 2024,
		"country_code" : "STP",
		"mountain" : "Pico de Sao Tome",
		"country_name" : "Sao Tome and Principe"
	}, {
		"height" : 2021,
		"country_code" : "S",
		"mountain" : "Portefjaellen",
		"country_name" : "Sweden"
	}, {
		"height" : 1993,
		"country_code" : "P",
		"mountain" : "Torre de Estrela",
		"country_name" : "Portugal"
	}, {
		"height" : 1986,
		"country_code" : "AUS",
		"mountain" : "Mt. Bogong",
		"country_name" : "Australia"
	}, {
		"height" : 1974,
		"country_code" : "C",
		"mountain" : "Pico Turquino",
		"country_name" : "Cuba"
	}, {
		"height" : 1952,
		"country_code" : "CY",
		"mountain" : "Olympos",
		"country_name" : "Cyprus"
	}, {
		"height" : 1949,
		"country_code" : "E",
		"mountain" : "Pico de los Nieves",
		"country_name" : "Spain"
	}, {
		"height" : 1944,
		"country_code" : "RN",
		"mountain" : "Mont Greboun",
		"country_name" : "Niger"
	}, {
		"height" : 1917,
		"country_code" : "USA",
		"mountain" : "Mt Washington",
		"country_name" : "United States"
	}, {
		"height" : 1914,
		"country_code" : "N",
		"mountain" : "Sulitjelma",
		"country_name" : "Norway"
	}, {
		"height" : 1914,
		"country_code" : "S",
		"mountain" : "Sulitjelma",
		"country_name" : "Sweden"
	}, {
		"height" : 1895,
		"country_code" : "R",
		"mountain" : "Narodnaja",
		"country_name" : "Russia"
	}, {
		"height" : 1885,
		"country_code" : "F",
		"mountain" : "Puy de Sancy",
		"country_name" : "France"
	}, {
		"height" : 1876,
		"country_code" : "N",
		"mountain" : "Joekul",
		"country_name" : "Norway"
	}, {
		"height" : 1861,
		"country_code" : "P",
		"mountain" : "Pico Ruivo",
		"country_name" : "Portugal"
	}, {
		"height" : 1858,
		"country_code" : "WS",
		"mountain" : "Silisili",
		"country_name" : "Samoa"
	}, {
		"height" : 1850,
		"country_code" : "S",
		"mountain" : "Tarrekaise",
		"country_name" : "Sweden"
	}, {
		"height" : 1833,
		"country_code" : "IS",
		"mountain" : "Snaefell",
		"country_name" : "Iceland"
	}, {
		"height" : 1800,
		"country_code" : "RN",
		"mountain" : "Tamgak",
		"country_name" : "Niger"
	}, {
		"height" : 1700,
		"country_code" : "NIC",
		"mountain" : "Concepcion",
		"country_name" : "Nicaragua"
	}, {
		"height" : 1654,
		"country_code" : "I",
		"mountain" : "Monte Falterona",
		"country_name" : "Italy"
	}, {
		"height" : 1629,
		"country_code" : "USA",
		"mountain" : "Mt Marcy",
		"country_name" : "United States"
	}, {
		"height" : 1602,
		"country_code" : "CZ",
		"mountain" : "Schneekoppe",
		"country_name" : "Czech Republic"
	}, {
		"height" : 1602,
		"country_code" : "PL",
		"mountain" : "Schneekoppe",
		"country_name" : "Poland"
	}, {
		"height" : 1493,
		"country_code" : "D",
		"mountain" : "Feldberg",
		"country_name" : "Germany"
	}, {
		"height" : 1491,
		"country_code" : "IS",
		"mountain" : "Hekla",
		"country_name" : "Iceland"
	}, {
		"height" : 1486,
		"country_code" : "RP",
		"mountain" : "Pinatubo",
		"country_name" : "Philippines"
	}, {
		"height" : 1467,
		"country_code" : "GUAD",
		"mountain" : "La Soufriere",
		"country_name" : "Guadeloupe"
	}, {
		"height" : 1465,
		"country_code" : "F",
		"mountain" : "Puy De Dome",
		"country_name" : "France"
	}, {
		"height" : 1456,
		"country_code" : "D",
		"mountain" : "Grosser Arber",
		"country_name" : "Germany"
	}, {
		"height" : 1450,
		"country_code" : "IS",
		"mountain" : "Katla",
		"country_name" : "Iceland"
	}, {
		"height" : 1447,
		"country_code" : "WD",
		"mountain" : "Morne Diablotins",
		"country_name" : "Dominica"
	}, {
		"height" : 1424,
		"country_code" : "F",
		"mountain" : "Grand Ballon",
		"country_name" : "France"
	}, {
		"height" : 1397,
		"country_code" : "MART",
		"mountain" : "Pelee",
		"country_name" : "Martinique"
	}, {
		"height" : 1344,
		"country_code" : "GB",
		"mountain" : "Ben Nevis",
		"country_name" : "United Kingdom"
	}, {
		"height" : 1338,
		"country_code" : "PR",
		"mountain" : "Cerro de Punta",
		"country_name" : "Puerto Rico"
	}, {
		"height" : 1328,
		"country_code" : "SF",
		"mountain" : "Haltiatunturi",
		"country_name" : "Finland"
	}, {
		"height" : 1323,
		"country_code" : "FJI",
		"mountain" : "Mt.Victoria",
		"country_name" : "Fiji"
	}, {
		"height" : 1281,
		"country_code" : "I",
		"mountain" : "Vesuv",
		"country_name" : "Italy"
	}, {
		"height" : 1276,
		"country_code" : "R",
		"mountain" : "Zhima",
		"country_name" : "Russia"
	}, {
		"height" : 1220,
		"country_code" : "WV",
		"mountain" : "Soufriere",
		"country_name" : "Saint Vincent and the Grenadines"
	}, {
		"height" : 1141,
		"country_code" : "D",
		"mountain" : "Brocken",
		"country_name" : "Germany"
	}, {
		"height" : 1050,
		"country_code" : "MNTS",
		"mountain" : "Soufriere Hills",
		"country_name" : "Montserrat"
	} ]
	,
	"plans":{},
	"status": "success",
	"metrics": {
		"elapsedTime": "1.331672713s",
		"executionTime": "1.331434207s",
		"resultCount": 272,
		"resultSize": 29267,
		"processedObjects": 1
	}
}
